hand0_x0,hand0_y0,hand0_z0,hand0_x1,hand0_y1,hand0_z1,hand0_x2,hand0_y2,hand0_z2,hand0_x3,hand0_y3,hand0_z3,hand0_x4,hand0_y4,hand0_z4,hand0_x5,hand0_y5,hand0_z5,hand0_x6,hand0_y6,hand0_z6,hand0_x7,hand0_y7,hand0_z7,hand0_x8,hand0_y8,hand0_z8,hand0_x9,hand0_y9,hand0_z9,hand0_x10,hand0_y10,hand0_z10,hand0_x11,hand0_y11,hand0_z11,hand0_x12,hand0_y12,hand0_z12,hand0_x13,hand0_y13,hand0_z13,hand0_x14,hand0_y14,hand0_z14,hand0_x15,hand0_y15,hand0_z15,hand0_x16,hand0_y16,hand0_z16,hand0_x17,hand0_y17,hand0_z17,hand0_x18,hand0_y18,hand0_z18,hand0_x19,hand0_y19,hand0_z19,hand0_x20,hand0_y20,hand0_z20,hand1_x0,hand1_y0,hand1_z0,hand1_x1,hand1_y1,hand1_z1,hand1_x2,hand1_y2,hand1_z2,hand1_x3,hand1_y3,hand1_z3,hand1_x4,hand1_y4,hand1_z4,hand1_x5,hand1_y5,hand1_z5,hand1_x6,hand1_y6,hand1_z6,hand1_x7,hand1_y7,hand1_z7,hand1_x8,hand1_y8,hand1_z8,hand1_x9,hand1_y9,hand1_z9,hand1_x10,hand1_y10,hand1_z10,hand1_x11,hand1_y11,hand1_z11,hand1_x12,hand1_y12,hand1_z12,hand1_x13,hand1_y13,hand1_z13,hand1_x14,hand1_y14,hand1_z14,hand1_x15,hand1_y15,hand1_z15,hand1_x16,hand1_y16,hand1_z16,hand1_x17,hand1_y17,hand1_z17,hand1_x18,hand1_y18,hand1_z18,hand1_x19,hand1_y19,hand1_z19,hand1_x20,hand1_y20,hand1_z20
0.0,0.0,0.0,-0.08621079474687576,-0.7108302116394043,-0.054135289043188095,-0.3813999593257904,-1.1659865379333496,-0.08662149310112,-0.7319582104682922,-1.3151048421859741,-0.1073753833770752,-0.939093828201294,-1.1644625663757324,-0.1180909052491188,-0.8740327954292297,-0.6953120827674866,-0.09550254791975021,-1.0296039581298828,-1.0177699327468872,-0.15281464159488678,-0.8105243444442749,-1.0209943056106567,-0.21768775582313538,-0.6774132251739502,-0.8965773582458496,-0.26461148262023926,-0.9479862451553345,-0.3040006756782532,-0.09436959028244019,-1.054565668106079,-0.710243284702301,-0.1041935533285141,-0.8742545247077942,-0.7501259446144104,-0.13260512053966522,-0.7628300189971924,-0.6080440282821655,-0.16985926032066345,-0.93874591588974,0.00967463105916977,-0.08886570483446121,-1.0180354118347168,-0.3984735906124115,-0.08111286908388138,-0.8688295483589172,-0.44422104954719543,-0.04865524172782898,-0.7604974508285522,-0.3202594220638275,-0.04650307074189186,-0.8935821056365967,0.26063990592956543,-0.0882892832159996,-0.9816746115684509,-0.10833321511745453,-0.07740350812673569,-0.8533886671066284,-0.16214090585708618,-0.020808255299925804,-0.7441883087158203,-0.06147296354174614,0.018680550158023834,0.0,0.0,0.0,-0.06646154075860977,-0.28668996691703796,-0.44969677925109863,-0.019753141328692436,-0.4811328649520874,-0.730111300945282,0.06657189875841141,-0.5146459937095642,-0.9511502981185913,0.19866682589054108,-0.4560893177986145,-1.1635935306549072,0.7927998900413513,-0.26878586411476135,-0.5361146926879883,1.269507646560669,-0.26602256298065186,-0.7928916215896606,1.6299165487289429,-0.21977736055850983,-0.9957240223884583,1.933968424797058,-0.17117856442928314,-1.1270616054534912,0.8848521709442139,-0.17484064400196075,-0.4318186938762665,1.3690944910049438,-0.21521814167499542,-0.6691188216209412,1.7580859661102295,-0.1874372512102127,-0.8432868719100952,2.0981647968292236,-0.15231209993362427,-0.9574075937271118,0.9281229376792908,-0.13423824310302734,-0.3597525358200073,1.3648020029067993,-0.18177270889282227,-0.5436754822731018,1.703471064567566,-0.16838432848453522,-0.655339241027832,2.0026609897613525,-0.14186593890190125,-0.7193825244903564,0.9349250197410583,-0.13750571012496948,-0.32813841104507446,1.28626549243927,-0.18560536205768585,-0.4567532241344452,1.551350474357605,-0.1884990781545639,-0.5175368785858154,1.7806872129440308,-0.17601536214351654,-0.5506925582885742
0.0,0.0,0.0,-0.0660334900021553,-0.6728076934814453,-0.051010653376579285,-0.29117003083229065,-1.1377266645431519,-0.0825551450252533,-0.5520432591438293,-1.328100562095642,-0.10242138057947159,-0.6774788498878479,-1.154524803161621,-0.11877334862947464,-0.8442318439483643,-0.7529080510139465,-0.0760846808552742,-0.7634506821632385,-1.098815679550171,-0.10915002971887589,-0.5778034329414368,-1.050362229347229,-0.1761205941438675,-0.5068613886833191,-0.904492974281311,-0.238795667886734,-0.9126061797142029,-0.40103667974472046,-0.07949555665254593,-0.831294059753418,-0.7937405109405518,-0.0844407007098198,-0.6594815850257874,-0.7821288108825684,-0.12543171644210815,-0.5682954788208008,-0.6217809319496155,-0.17662639915943146,-0.8774652481079102,-0.10983492434024811,-0.07637109607458115,-0.8354315757751465,-0.47046515345573425,-0.07696762681007385,-0.6865995526313782,-0.47374194860458374,-0.06560332328081131,-0.5875236988067627,-0.35114213824272156,-0.0770837664604187,-0.8056220412254333,0.1308719962835312,-0.07753395289182663,-0.8041806221008301,-0.17683088779449463,-0.0811154767870903,-0.67113196849823,-0.19823886454105377,-0.042514145374298096,-0.5734480619430542,-0.10154949873685837,-0.017354847863316536,0.0,0.0,0.0,-0.05387646332383156,-0.20377227663993835,-0.5119470953941345,-0.039653416723012924,-0.4142053425312042,-0.8463707566261292,-0.03128818795084953,-0.590444028377533,-1.1096327304840088,-0.0643918588757515,-0.6965674161911011,-1.3710628747940063,0.7796944379806519,-0.12183928489685059,-0.6288809776306152,1.2381854057312012,-0.03478631004691124,-0.8971412181854248,1.589274287223816,0.07257834076881409,-1.1083133220672607,1.8907800912857056,0.17969165742397308,-1.2490965127944946,0.8672798275947571,-0.009080755524337292,-0.4977380931377411,1.3509808778762817,0.045446861535310745,-0.7546514272689819,1.7347413301467896,0.15333469212055206,-0.9391252994537354,2.076864719390869,0.2660706341266632,-1.062724232673645,0.9121214747428894,0.0353936068713665,-0.39795151352882385,1.3442580699920654,0.08513875305652618,-0.5975127220153809,1.6835235357284546,0.18969464302062988,-0.7189953923225403,1.977290391921997,0.3141734302043915,-0.7908216714859009,0.9346725344657898,0.018794454634189606,-0.3415476977825165,1.274827003479004,0.05107360705733299,-0.47298333048820496,1.545085072517395,0.12282511591911316,-0.5402616858482361,1.7845213413238525,0.2162044644355774,-0.5841094255447388
0.0,0.0,0.0,-0.10065675526857376,-0.7109871506690979,-0.07821647077798843,-0.4211595356464386,-1.2483018636703491,-0.12385351955890656,-0.8638005256652832,-1.441885232925415,-0.14461760222911835,-1.1662983894348145,-1.3394876718521118,-0.1429496705532074,-0.7918816208839417,-0.8029769659042358,-0.16152210533618927,-1.2207963466644287,-1.0495209693908691,-0.24092663824558258,-0.994079053401947,-1.0722869634628296,-0.285466730594635,-0.7912306189537048,-0.9722238183021545,-0.294018030166626,-0.921972393989563,-0.36353522539138794,-0.13345058262348175,-1.2803484201431274,-0.6892119646072388,-0.13581420481204987,-1.10352623462677,-0.7402969002723694,-0.13079607486724854,-0.9527353048324585,-0.6247580051422119,-0.1385151594877243,-0.9832974672317505,-0.010833727195858955,-0.10261980444192886,-1.2753430604934692,-0.33642178773880005,-0.0749245211482048,-1.1302919387817383,-0.395521879196167,-0.015062212012708187,-0.98968905210495,-0.3054233491420746,0.005798923317342997,-1.009818196296692,0.25524139404296875,-0.07770571857690811,-1.2456814050674438,-0.05321520194411278,-0.04232272878289223,-1.1233397722244263,-0.08767367154359818,0.032829027622938156,-1.0049805641174316,-0.01134564634412527,0.08537731319665909,0.0,0.0,0.0,0.01704390160739422,-0.3585209548473358,-0.4199725091457367,0.1909111589193344,-0.5120558142662048,-0.6407225728034973,0.4401324689388275,-0.46081215143203735,-0.7980928421020508,0.6838375329971313,-0.4477587342262268,-0.9372725486755371,0.870372474193573,-0.1969626545906067,-0.43936285376548767,1.3622111082077026,-0.24690939486026764,-0.6495548486709595,1.7214716672897339,-0.2536865770816803,-0.8128868341445923,2.017512321472168,-0.23778678476810455,-0.9172666072845459,0.9416175484657288,-0.07944586127996445,-0.32717686891555786,1.42275071144104,-0.15164627134799957,-0.5349161028862,1.8045599460601807,-0.15876668691635132,-0.6859163641929626,2.139209032058716,-0.13421663641929626,-0.7811501622200012,0.9865506887435913,-0.02800770103931427,-0.24779821932315826,1.4230514764785767,-0.11122257262468338,-0.41845113039016724,1.7434344291687012,-0.14844931662082672,-0.5168390274047852,2.0311875343322754,-0.1403980851173401,-0.5695643424987793,1.0097122192382812,-0.041620105504989624,-0.20715269446372986,1.3647159337997437,-0.11017408221960068,-0.33221396803855896,1.6229994297027588,-0.14171625673770905,-0.3935406506061554,1.8449280261993408,-0.13797175884246826,-0.4257505536079407
0.0,0.0,0.0,-0.12161869555711746,-0.7690413594245911,-0.0826241597533226,-0.4678501784801483,-1.3957884311676025,-0.15206478536128998,-0.9238332509994507,-1.6172987222671509,-0.20019011199474335,-1.2702752351760864,-1.5296392440795898,-0.232429638504982,-0.7017064094543457,-0.9802238345146179,-0.2682846486568451,-1.276229739189148,-1.197115421295166,-0.41618311405181885,-1.0794810056686401,-1.1758582592010498,-0.480883926153183,-0.8368251919746399,-1.0804307460784912,-0.485350102186203,-0.8421841859817505,-0.47217461466789246,-0.2603400647640228,-1.3714267015457153,-0.7964755296707153,-0.3357289433479309,-1.1911789178848267,-0.7849326729774475,-0.3358670771121979,-0.9793140888214111,-0.6577594876289368,-0.3295949697494507,-0.9481000900268555,-0.041537798941135406,-0.24759095907211304,-1.4082978963851929,-0.3720226287841797,-0.27005088329315186,-1.2483106851577759,-0.37562087178230286,-0.18668968975543976,-1.0605710744857788,-0.2913651466369629,-0.13575348258018494,-1.0282667875289917,0.3068304657936096,-0.23966993391513824,-1.401318907737732,-0.0326574370265007,-0.23216529190540314,-1.2644623517990112,-0.02729051187634468,-0.13954196870326996,-1.112439751625061,0.057587698101997375,-0.06920869648456573,0.0,0.0,0.0,0.055180538445711136,-0.3259318470954895,-0.411893367767334,0.281144917011261,-0.4289931654930115,-0.6137699484825134,0.5562459826469421,-0.3981184959411621,-0.7467061877250671,0.8389327526092529,-0.4159262776374817,-0.8651514649391174,0.9000856876373291,-0.21776540577411652,-0.43090948462486267,1.4255335330963135,-0.23857450485229492,-0.6258591413497925,1.7995446920394897,-0.2394266277551651,-0.7765236496925354,2.102170705795288,-0.21583658456802368,-0.8696960210800171,0.9469074010848999,-0.10310506075620651,-0.30452534556388855,1.4467270374298096,-0.14286845922470093,-0.48992279171943665,1.832247257232666,-0.16643747687339783,-0.6320184469223022,2.159966468811035,-0.16409814357757568,-0.7220472693443298,0.9735054969787598,-0.053583137691020966,-0.20755378901958466,1.4188116788864136,-0.10886629670858383,-0.3620821535587311,1.746081829071045,-0.14309895038604736,-0.4580540359020233,2.033975601196289,-0.14850184321403503,-0.5114527940750122,0.9802980422973633,-0.06770402193069458,-0.14620184898376465,1.3340182304382324,-0.1000128835439682,-0.26287832856178284,1.592713713645935,-0.11834639310836792,-0.3206615149974823,1.8162800073623657,-0.12642928957939148,-0.3513769805431366
0.0,0.0,0.0,-0.07318835705518723,-0.7193259596824646,-0.05438196659088135,-0.3335994780063629,-1.1969525814056396,-0.08639645576477051,-0.6963877081871033,-1.3738645315170288,-0.09957179427146912,-0.923753023147583,-1.2450748682022095,-0.09817256778478622,-0.8162834048271179,-0.742062509059906,-0.1043642982840538,-1.0087965726852417,-1.1029205322265625,-0.1322050839662552,-0.7854372262954712,-1.0945769548416138,-0.167660653591156,-0.6506066918373108,-0.958237886428833,-0.1935650110244751,-0.9262518286705017,-0.366277277469635,-0.08887340128421783,-1.0555520057678223,-0.799534797668457,-0.059190310537815094,-0.8801572918891907,-0.8318162560462952,-0.06786374002695084,-0.7793246507644653,-0.6858997344970703,-0.09724795073270798,-0.9401873350143433,-0.07315511256456375,-0.06455346196889877,-1.0438354015350342,-0.5049187541007996,-0.022206688299775124,-0.8991267085075378,-0.5457621216773987,0.016821997240185738,-0.7897518277168274,-0.41801896691322327,0.016669277101755142,-0.9146735072135925,0.15570104122161865,-0.043720778077840805,-1.019240379333496,-0.20014947652816772,-0.00977229606360197,-0.8905553221702576,-0.24961522221565247,0.05413736775517464,-0.7739424109458923,-0.16032390296459198,0.09654407203197479,0.0,0.0,0.0,-0.02535874955356121,-0.2993176281452179,-0.47309747338294983,0.01064141932874918,-0.475665420293808,-0.7782776951789856,0.03859265148639679,-0.5079137682914734,-1.0221399068832397,0.11808399856090546,-0.47497108578681946,-1.2562382221221924,0.8008829355239868,-0.06905251741409302,-0.5593870282173157,1.2593047618865967,0.022787567228078842,-0.82513827085495,1.6111677885055542,0.12248034030199051,-1.040749192237854,1.9163157939910889,0.2184620499610901,-1.1844937801361084,0.890617311000824,0.046907633543014526,-0.45232778787612915,1.370437502861023,0.09973718971014023,-0.7037965655326843,1.764440655708313,0.1997717022895813,-0.8905835747718811,2.1252870559692383,0.30297157168388367,-1.014492154121399,0.9392717480659485,0.09568892419338226,-0.37969040870666504,1.372808814048767,0.1363365352153778,-0.5791065096855164,1.718139410018921,0.22193290293216705,-0.7029926180839539,2.0348947048187256,0.3128755986690521,-0.7739797830581665,0.9668186902999878,0.08339910209178925,-0.3491562306880951,1.3074555397033691,0.11217023432254791,-0.49127718806266785,1.5774192810058594,0.16315241158008575,-0.5632845759391785,1.8287396430969238,0.23559148609638214,-0.6051318049430847
0.0,0.0,0.0,-0.04009256511926651,-0.6312846541404724,-0.04709061607718468,-0.3266034722328186,-1.1062939167022705,-0.07115785777568817,-0.7102538347244263,-1.2734489440917969,-0.07897878438234329,-0.9409672617912292,-1.1273714303970337,-0.07890840619802475,-0.8163327574729919,-0.8016923069953918,-0.11659745126962662,-1.061022400856018,-0.9538341164588928,-0.14889904856681824,-0.8778404593467712,-0.9665753841400146,-0.17789024114608765,-0.7215064167976379,-0.9043725728988647,-0.1949957013130188,-0.9154965877532959,-0.3879224359989166,-0.10668705403804779,-1.0869009494781494,-0.6282932162284851,-0.07748080044984818,-0.9260541200637817,-0.6614922285079956,-0.07540107518434525,-0.7966867685317993,-0.5670685768127441,-0.09731624275445938,-0.9290262460708618,-0.02407151460647583,-0.08989293873310089,-1.0716608762741089,-0.27638179063796997,-0.05208824947476387,-0.9547034502029419,-0.3246957063674927,-0.020883940160274506,-0.8245013952255249,-0.24263812601566315,-0.026866255328059196,-0.9085907936096191,0.2840759754180908,-0.07582468539476395,-1.0488852262496948,0.10998993366956711,-0.04703298211097717,-0.9554944634437561,0.05292077362537384,0.0019311342621222138,-0.8430435657501221,0.0913701057434082,0.03265774995088577,0.0,0.0,0.0,-0.12513649463653564,-0.3535535931587219,-0.4465453326702118,-0.13339455425739288,-0.6670088171958923,-0.7246649861335754,-0.07067681849002838,-0.8949558734893799,-0.9305229187011719,-0.005981281865388155,-1.0664525032043457,-1.127424716949463,0.6880934238433838,-0.5253428816795349,-0.57461017370224,1.103288173675537,-0.6054438352584839,-0.8140826225280762,1.3995587825775146,-0.5857575535774231,-0.9926314949989319,1.6595187187194824,-0.5340458750724792,-1.1042139530181885,0.8374947905540466,-0.30334848165512085,-0.4545131027698517,1.2897683382034302,-0.39213353395462036,-0.6662465333938599,1.6334905624389648,-0.41056349873542786,-0.8085489869117737,1.9375633001327515,-0.39555320143699646,-0.9063590168952942,0.9024351239204407,-0.18200752139091492,-0.3624599874019623,1.3194692134857178,-0.27434486150741577,-0.5339750647544861,1.6214605569839478,-0.31290125846862793,-0.6386237740516663,1.885364294052124,-0.3096000850200653,-0.7016596794128418,0.9125999808311462,-0.14960619807243347,-0.30545398592948914,1.2621724605560303,-0.22536700963974,-0.43195492029190063,1.521292805671692,-0.24542754888534546,-0.4965152442455292,1.75483238697052,-0.23992295563220978,-0.5351093411445618
0.0,0.0,0.0,-0.15448836982250214,-0.730618417263031,-0.06458063423633575,-0.4572776257991791,-1.190757393836975,-0.1045665293931961,-0.8431084156036377,-1.3363388776779175,-0.12569715082645416,-1.0739442110061646,-1.1959328651428223,-0.12693987786769867,-0.8885692954063416,-0.5949901342391968,-0.10961545258760452,-1.145358920097351,-1.0159274339675903,-0.16066595911979675,-0.9176315665245056,-1.0345664024353027,-0.2051880657672882,-0.7610876560211182,-0.8968511819839478,-0.23147058486938477,-0.9760297536849976,-0.19750943779945374,-0.0914105549454689,-1.181860327720642,-0.6969850659370422,-0.08511987328529358,-1.0022941827774048,-0.7586622834205627,-0.09407812356948853,-0.8826327919960022,-0.6168390512466431,-0.11811494082212448,-0.9814490675926208,0.09049911051988602,-0.0683165043592453,-1.1538512706756592,-0.40891531109809875,-0.041527945548295975,-1.0005848407745361,-0.4701031744480133,0.003862341633066535,-0.8745277523994446,-0.34080708026885986,0.012439442798495293,-0.9508633613586426,0.29971611499786377,-0.05064324662089348,-1.0980089902877808,-0.12763266265392303,-0.026625894010066986,-0.9661315083503723,-0.19402100145816803,0.03504161536693573,-0.8432915210723877,-0.09768065810203552,0.07835990190505981,0.0,0.0,0.0,-0.010578364133834839,-0.2776567041873932,-0.4286331236362457,0.061633531004190445,-0.4191614091396332,-0.7019135355949402,0.1279108077287674,-0.32203811407089233,-0.9231289029121399,0.16948558390140533,-0.1328955590724945,-1.1314629316329956,0.8054718971252441,0.015463006682693958,-0.4938015043735504,1.2993748188018799,0.08369990438222885,-0.7428855299949646,1.6769660711288452,0.1380535513162613,-0.9363387823104858,1.993354320526123,0.20783455669879913,-1.0690215826034546,0.9012293815612793,0.13583749532699585,-0.41150185465812683,1.3988673686981201,0.1544143110513687,-0.6466994881629944,1.7955148220062256,0.2064741998910904,-0.8188027739524841,2.159926652908325,0.270650178194046,-0.9346734881401062,0.9537737965583801,0.18628562986850739,-0.3624073266983032,1.4086860418319702,0.1825510710477829,-0.5546493530273438,1.7450411319732666,0.2248663455247879,-0.6769636273384094,2.057298183441162,0.2733297348022461,-0.7490536570549011,0.9752134680747986,0.1791081428527832,-0.3530420660972595,1.3296815156936646,0.18511544167995453,-0.49826884269714355,1.5940542221069336,0.20947282016277313,-0.5764208436012268,1.8363372087478638,0.2481001764535904,-0.6223687529563904
0.0,0.0,0.0,-0.11497174203395844,-0.7517617344856262,-0.0696244165301323,-0.38361382484436035,-1.2180588245391846,-0.10790584981441498,-0.7503103613853455,-1.3919504880905151,-0.1279011070728302,-0.992008626461029,-1.2885113954544067,-0.13083605468273163,-0.8458043932914734,-0.6924189925193787,-0.10698346793651581,-1.063204050064087,-1.1110907793045044,-0.15376824140548706,-0.8356812000274658,-1.1020050048828125,-0.20232462882995605,-0.6972456574440002,-0.9470342397689819,-0.23595581948757172,-0.949757993221283,-0.2999223470687866,-0.0894782617688179,-1.1060272455215454,-0.7833543419837952,-0.07869403064250946,-0.9257808923721313,-0.8218569159507751,-0.0951768085360527,-0.8207902312278748,-0.6636775732040405,-0.12868160009384155,-0.960263192653656,-0.0017821851652115583,-0.06776363402605057,-1.0890345573425293,-0.4747775197029114,-0.04084378108382225,-0.9431633353233337,-0.5203195214271545,-0.004573258571326733,-0.8302768468856812,-0.37856724858283997,-0.004278853535652161,-0.9325696229934692,0.22767607867717743,-0.051585886627435684,-1.0617440938949585,-0.12680701911449432,-0.028121037408709526,-0.9357947111129761,-0.18349575996398926,0.031125446781516075,-0.815040111541748,-0.08480320870876312,0.07148870080709457,0.0,0.0,0.0,-0.038834765553474426,-0.21959295868873596,-0.4808807969093323,-0.012083379551768303,-0.29451513290405273,-0.7926350831985474,0.053188398480415344,-0.20894776284694672,-1.039379596710205,0.18521326780319214,-0.10514577478170395,-1.2761659622192383,0.7697756290435791,-0.005884288344532251,-0.609013557434082,1.2247679233551025,0.06150909513235092,-0.9002642035484314,1.5764143466949463,0.12984560430049896,-1.1228466033935547,1.8809049129486084,0.1965273767709732,-1.2676037549972534,0.862480103969574,0.06856289505958557,-0.5014252066612244,1.3533573150634766,0.12426202744245529,-0.7716739177703857,1.7456355094909668,0.1951143890619278,-0.9672353863716125,2.101531505584717,0.26679113507270813,-1.097405195236206,0.9132619500160217,0.08685988932847977,-0.4256974160671234,1.3644757270812988,0.13454756140708923,-0.6426730155944824,1.7014827728271484,0.19863402843475342,-0.7784109711647034,2.003037214279175,0.26407280564308167,-0.85953289270401,0.9323492050170898,0.05979369953274727,-0.3904518485069275,1.2772382497787476,0.10569080710411072,-0.549101710319519,1.5424848794937134,0.15366637706756592,-0.6334299445152283,1.7803568840026855,0.20976190268993378,-0.6843144297599792
0.0,0.0,0.0,-0.10221453756093979,-0.7122296094894409,-0.07399514317512512,-0.3633944094181061,-1.1964430809020996,-0.11989749222993851,-0.7326949238777161,-1.381195306777954,-0.14101895689964294,-0.9826866984367371,-1.2885024547576904,-0.14293597638607025,-0.8317030072212219,-0.6900356411933899,-0.14376388490200043,-1.0525078773498535,-1.1078472137451172,-0.19157184660434723,-0.8308598399162292,-1.0883870124816895,-0.22937147319316864,-0.6900352835655212,-0.9282965064048767,-0.25103819370269775,-0.9461744427680969,-0.3013550043106079,-0.11806374043226242,-1.101241111755371,-0.7898907661437988,-0.10519977658987045,-0.9293137192726135,-0.82217937707901,-0.11046525090932846,-0.8266721367835999,-0.6746793985366821,-0.13432715833187103,-0.9666605591773987,-0.009027752093970776,-0.08508794009685516,-1.0831750631332397,-0.48897379636764526,-0.048730239272117615,-0.9365186095237732,-0.5274117588996887,-0.005350451450794935,-0.8268527984619141,-0.39599230885505676,-0.0020248745568096638,-0.9434415698051453,0.20789016783237457,-0.05773284286260605,-1.0332552194595337,-0.19574391841888428,-0.026436425745487213,-0.8996540307998657,-0.24181188642978668,0.032538410276174545,-0.7895556092262268,-0.14395909011363983,0.07195280492305756,0.0,0.0,0.0,-0.005280809476971626,-0.23106497526168823,-0.45362773537635803,0.04488223046064377,-0.3399631083011627,-0.7463604807853699,0.11795298755168915,-0.2845578193664551,-0.9815607070922852,0.23211289942264557,-0.1358766406774521,-1.2033302783966064,0.7987331748008728,0.016559498384594917,-0.5423508286476135,1.3004322052001953,0.11870593577623367,-0.8153920769691467,1.6942411661148071,0.1880168318748474,-1.0252894163131714,2.027918577194214,0.2590329349040985,-1.1650161743164062,0.8876441121101379,0.090272918343544,-0.4515957236289978,1.3908166885375977,0.15235021710395813,-0.7097325921058655,1.8015323877334595,0.23227766156196594,-0.8979651927947998,2.1808178424835205,0.3148120641708374,-1.0230882167816162,0.9450234770774841,0.10893269628286362,-0.39420533180236816,1.4031535387039185,0.16083724796772003,-0.6080403327941895,1.7577446699142456,0.23773165047168732,-0.7415097951889038,2.08559250831604,0.3075527846813202,-0.8189258575439453,0.9764780402183533,0.08474186807870865,-0.3766627311706543,1.3349069356918335,0.1381443440914154,-0.5396150946617126,1.615789532661438,0.19489610195159912,-0.6245530247688293,1.8759057521820068,0.2521244287490845,-0.6733186841011047
0.0,0.0,0.0,-0.13871803879737854,-0.7074460983276367,-0.07543008029460907,-0.4336923062801361,-1.166513442993164,-0.11464099586009979,-0.8162514567375183,-1.3379340171813965,-0.13108526170253754,-1.0609341859817505,-1.226726770401001,-0.12569677829742432,-0.8761776089668274,-0.5980336666107178,-0.11259373277425766,-1.1094818115234375,-1.042594075202942,-0.1555090993642807,-0.8871668577194214,-1.0495644807815552,-0.1929357349872589,-0.7416274547576904,-0.8869815468788147,-0.2156115025281906,-0.972193717956543,-0.2171149104833603,-0.08775268495082855,-1.1620395183563232,-0.7242267727851868,-0.07295580208301544,-0.9913811087608337,-0.7806336879730225,-0.07874897122383118,-0.8823644518852234,-0.6267715692520142,-0.10283012688159943,-0.9809588193893433,0.06057940423488617,-0.05918746441602707,-1.1459381580352783,-0.4265374541282654,-0.030380528420209885,-1.0019558668136597,-0.4861709475517273,0.01024139765650034,-0.8834959864616394,-0.3494585454463959,0.014718911610543728,-0.9499058127403259,0.26352590322494507,-0.036312591284513474,-1.1097304821014404,-0.11552857607603073,-0.013614344410598278,-0.9813698530197144,-0.175736665725708,0.045026279985904694,-0.8556393980979919,-0.07539113610982895,0.08565044403076172,0.0,0.0,0.0,-0.025944644585251808,-0.2537555694580078,-0.48038074374198914,0.02250828593969345,-0.3497885763645172,-0.7747373580932617,0.08580774068832397,-0.2715989649295807,-1.0095911026000977,0.19291706383228302,-0.15022049844264984,-1.234562635421753,0.7908872961997986,0.0667947307229042,-0.5427191853523254,1.2490054368972778,0.16180916130542755,-0.8057244420051575,1.6003663539886475,0.23112812638282776,-1.0153359174728394,1.9101519584655762,0.2942717671394348,-1.1597063541412354,0.8863865733146667,0.15782028436660767,-0.43521445989608765,1.3541425466537476,0.21632656455039978,-0.6854667067527771,1.731702208518982,0.28093570470809937,-0.8745667934417725,2.0858688354492188,0.341360479593277,-1.0036346912384033,0.9410593509674072,0.19151964783668518,-0.3648665249347687,1.367266058921814,0.2347460389137268,-0.5663917660713196,1.6856521368026733,0.28450995683670044,-0.6909976005554199,1.9848066568374634,0.33056697249412537,-0.767519474029541,0.9725377559661865,0.1768524944782257,-0.338485985994339,1.3035656213760376,0.21602456271648407,-0.4854562282562256,1.5513767004013062,0.25851425528526306,-0.5624793171882629,1.780990481376648,0.3024371564388275,-0.6106088757514954
0.0,0.0,0.0,-0.14783431589603424,-0.7203360795974731,-0.08322948962450027,-0.4504430294036865,-1.1909708976745605,-0.1286744773387909,-0.8350154161453247,-1.3522453308105469,-0.1520271599292755,-1.0972849130630493,-1.2499430179595947,-0.15088102221488953,-0.8819712400436401,-0.5795745253562927,-0.11601945757865906,-1.1442819833755493,-1.0462123155593872,-0.17487764358520508,-0.9071097373962402,-1.0600634813308716,-0.22534064948558807,-0.7544167041778564,-0.8964155912399292,-0.2540675401687622,-0.9777016639709473,-0.1902015060186386,-0.08901013433933258,-1.189847707748413,-0.7265369892120361,-0.09330001473426819,-1.0056277513504028,-0.7850553393363953,-0.10951562225818634,-0.8890754580497742,-0.6222734451293945,-0.13572756946086884,-0.9896002411842346,0.07851463556289673,-0.059776224195957184,-1.1621949672698975,-0.4292588531970978,-0.03687724471092224,-1.0053718090057373,-0.48852619528770447,0.005874725058674812,-0.8865501284599304,-0.34563854336738586,0.014124063774943352,-0.964671790599823,0.2636120617389679,-0.038054924458265305,-1.116585612297058,-0.16653162240982056,-0.012731802649796009,-0.9774587154388428,-0.2241784781217575,0.04784659668803215,-0.8513314723968506,-0.11147017031908035,0.09012313932180405,0.0,0.0,0.0,-0.024423740804195404,-0.15386781096458435,-0.4517507255077362,-0.003942796494811773,-0.1895264834165573,-0.7556023001670837,0.023358669131994247,-0.06402244418859482,-1.0026403665542603,0.05258261412382126,0.0757511556148529,-1.2453160285949707,0.7402669191360474,0.16333070397377014,-0.603631854057312,1.2079687118530273,0.2339918613433838,-0.8892019391059875,1.5892643928527832,0.26182401180267334,-1.1048287153244019,1.9184067249298096,0.2940908968448639,-1.2511411905288696,0.8293342590332031,0.213185116648674,-0.5164850354194641,1.320814609527588,0.2507311999797821,-0.7950107455253601,1.7263199090957642,0.294533908367157,-0.9951103925704956,2.1081840991973877,0.3389078974723816,-1.1281265020370483,0.8784009218215942,0.2269793599843979,-0.4551525413990021,1.3308677673339844,0.252733051776886,-0.6758590340614319,1.6756136417388916,0.29361650347709656,-0.8083598017692566,1.9953724145889282,0.3353084325790405,-0.8867603540420532,0.8981748819351196,0.21031661331653595,-0.4332441985607147,1.2475438117980957,0.23230195045471191,-0.5948814153671265,1.5203475952148438,0.2542300522327423,-0.6789074540138245,1.7682361602783203,0.2897936701774597,-0.7290302515029907
0.0,0.0,0.0,-0.13287028670310974,-0.7127387523651123,-0.06715681403875351,-0.421771377325058,-1.1724966764450073,-0.10596532374620438,-0.7893058061599731,-1.3358508348464966,-0.1273248791694641,-1.0263327360153198,-1.2192716598510742,-0.12965592741966248,-0.8851607441902161,-0.6212952733039856,-0.09901192039251328,-1.1040852069854736,-1.0381933450698853,-0.14124241471290588,-0.8759835362434387,-1.0392820835113525,-0.18743491172790527,-0.7358652949333191,-0.8817704916000366,-0.2198168933391571,-0.9701183438301086,-0.22758904099464417,-0.08410507440567017,-1.1424328088760376,-0.7145974040031433,-0.0732649490237236,-0.9605819582939148,-0.7695844769477844,-0.08591180294752121,-0.8461242914199829,-0.614290714263916,-0.11620321124792099,-0.9687891006469727,0.06613233685493469,-0.06533674895763397,-1.1315149068832397,-0.41377368569374084,-0.04175190255045891,-0.9818494319915771,-0.47374680638313293,-0.00010430563997942954,-0.8567072749137878,-0.3335665464401245,0.005617058370262384,-0.9335566163063049,0.28586331009864807,-0.05198805779218674,-1.1208826303482056,-0.06463509798049927,-0.031371865421533585,-0.9935767650604248,-0.11842437833547592,0.03193944692611694,-0.8567561507225037,-0.01608354039490223,0.07578617334365845,0.0,0.0,0.0,-0.017550265416502953,-0.237990140914917,-0.4607125222682953,0.02652944065630436,-0.3347690999507904,-0.7503169775009155,0.08084991574287415,-0.2703096568584442,-0.984939694404602,0.18026673793792725,-0.160244420170784,-1.2098668813705444,0.8250060677528381,-0.05323135852813721,-0.5102999806404114,1.3120019435882568,0.012600806541740894,-0.7690708637237549,1.6876051425933838,0.06051196530461311,-0.9792983531951904,2.009371519088745,0.10710374265909195,-1.122256875038147,0.9102426767349243,0.01537648681551218,-0.41378965973854065,1.403280258178711,0.054852135479450226,-0.6562075018882751,1.797925591468811,0.11229058355093002,-0.8455150127410889,2.160066604614258,0.16864347457885742,-0.9746453762054443,0.9587299227714539,0.04048030078411102,-0.35431328415870667,1.4051849842071533,0.06523026525974274,-0.5469202399253845,1.7461620569229126,0.11639542132616043,-0.6741997599601746,2.0589096546173096,0.15828579664230347,-0.7520301342010498,0.9814430475234985,0.022914031520485878,-0.3378611207008362,1.3345701694488525,0.048930034041404724,-0.47638192772865295,1.5996849536895752,0.08406523615121841,-0.5506680011749268,1.840774416923523,0.11722225695848465,-0.5971953272819519
0.0,0.0,0.0,-0.13299761712551117,-0.7242633700370789,-0.0607341006398201,-0.4217452108860016,-1.1870604753494263,-0.0927179753780365,-0.7883791327476501,-1.3545619249343872,-0.10832260549068451,-1.022045612335205,-1.2398231029510498,-0.10442192107439041,-0.873254120349884,-0.6291772723197937,-0.08109536021947861,-1.1019940376281738,-1.0645684003829956,-0.12013556063175201,-0.8733016848564148,-1.0641530752182007,-0.16472207009792328,-0.7312132120132446,-0.9005902409553528,-0.19553948938846588,-0.9681692123413086,-0.24157415330410004,-0.06550032645463943,-1.14058518409729,-0.7383669018745422,-0.050043072551488876,-0.9569357633590698,-0.7863157987594604,-0.06340052932500839,-0.846068263053894,-0.6214866638183594,-0.09385306388139725,-0.976570725440979,0.04452836140990257,-0.04625385254621506,-1.1345384120941162,-0.4380853474140167,-0.018114782869815826,-0.9790202379226685,-0.49118396639823914,0.02233787626028061,-0.8568668365478516,-0.3424699008464813,0.02685459889471531,-0.9489008784294128,0.2566351592540741,-0.031899966299533844,-1.1235582828521729,-0.10989189147949219,-0.007892620749771595,-0.9864585995674133,-0.16175971925258636,0.05598870664834976,-0.8498690128326416,-0.04946588724851608,0.09999377280473709,0.0,0.0,0.0,-0.03440818935632706,-0.2426382452249527,-0.47605377435684204,-0.004598045721650124,-0.36217424273490906,-0.7767003178596497,0.0481552854180336,-0.33651769161224365,-1.0158544778823853,0.1501176804304123,-0.2681453227996826,-1.2467336654663086,0.7883870005607605,-0.08458135277032852,-0.5621805191040039,1.2219200134277344,-0.029117291793227196,-0.8345455527305603,1.5615097284317017,0.021697288379073143,-1.0550665855407715,1.8685214519500732,0.06659714132547379,-1.2059605121612549,0.8887245059013367,-0.008339700289070606,-0.4583657383918762,1.3623197078704834,0.02524682693183422,-0.7142600417137146,1.7456268072128296,0.07314668595790863,-0.9082775115966797,2.1057496070861816,0.11892491579055786,-1.0419567823410034,0.9410474896430969,0.01658444106578827,-0.38981911540031433,1.377310037612915,0.040081556886434555,-0.5956523418426514,1.7103204727172852,0.08008749783039093,-0.72873854637146,2.0165348052978516,0.11692725867033005,-0.8114963173866272,0.9644896388053894,-0.0022473668213933706,-0.3635413944721222,1.3012478351593018,0.01685437187552452,-0.5113561749458313,1.5564478635787964,0.04663637652993202,-0.5913954973220825,1.791264295578003,0.08158310502767563,-0.6435176730155945
0.0,0.0,0.0,-0.06603346765041351,-0.22974874079227448,-0.3132150173187256,-0.24905972182750702,-0.3056354224681854,-0.47502583265304565,-0.43090757727622986,-0.3136022388935089,-0.59840989112854,-0.6230568885803223,-0.262198269367218,-0.707299530506134,-0.9414544105529785,-0.042210742831230164,-0.301279753446579,-1.3825643062591553,-0.0018300762167200446,-0.48387688398361206,-1.703359842300415,0.050695568323135376,-0.6366308331489563,-1.9785650968551636,0.11535826325416565,-0.7375756502151489,-0.9716641902923584,0.013469741679728031,-0.23598158359527588,-1.4145957231521606,0.03547666594386101,-0.4167853891849518,-1.76280677318573,0.07604058086872101,-0.5614004135131836,-2.0799970626831055,0.1312982439994812,-0.6525872349739075,-0.984196662902832,0.03649839758872986,-0.19646799564361572,-1.3859614133834839,0.03477144613862038,-0.3395492434501648,-1.6950721740722656,0.057524047791957855,-0.4234670102596283,-1.9779549837112427,0.09028058499097824,-0.4659862518310547,-0.9705508351325989,0.0349753201007843,-0.18919260799884796,-1.3099526166915894,0.025866981595754623,-0.2909618616104126,-1.5712945461273193,0.03504512831568718,-0.3356706202030182,-1.7983735799789429,0.040914539247751236,-0.3543190360069275,0.0,0.0,0.0,0.001168893650174141,-0.6428766250610352,-0.14210332930088043,0.24925196170806885,-1.129263997077942,-0.1962760090827942,0.5303446054458618,-1.2698005437850952,-0.2203865796327591,0.7134402990341187,-1.2610535621643066,-0.2319118231534958,0.8897858262062073,-0.6846095323562622,-0.1251017451286316,0.7323874831199646,-0.9350709915161133,-0.17337550222873688,0.49578163027763367,-0.8771451115608215,-0.24217461049556732,0.3363620936870575,-0.7215309739112854,-0.28867194056510925,0.9194345474243164,-0.3852194547653198,-0.0790325328707695,0.7166109681129456,-0.6330273747444153,-0.11210478097200394,0.4900200366973877,-0.5926535129547119,-0.1601022481918335,0.31012311577796936,-0.435768187046051,-0.19561010599136353,0.8583570122718811,-0.1510445922613144,-0.03614252433180809,0.7005460262298584,-0.3670119047164917,-0.09721172600984573,0.5054025053977966,-0.36157721281051636,-0.11539795249700546,0.3269065320491791,-0.23942223191261292,-0.12122577428817749,0.765899658203125,0.04270170256495476,-0.0016628601588308811,0.662526547908783,-0.12520380318164825,-0.09065677225589752,0.47311893105506897,-0.12075197696685791,-0.09009649604558945,0.3216218650341034,-0.021006109192967415,-0.061073753982782364
0.0,0.0,0.0,-0.11923994868993759,-0.2522353231906891,-0.33009254932403564,-0.2760535776615143,-0.24883334338665009,-0.5175338387489319,-0.4536522924900055,-0.12802350521087646,-0.6528350114822388,-0.6516436338424683,-0.02110540121793747,-0.7781052589416504,-0.8061544895172119,0.27413851022720337,-0.41174060106277466,-1.2625524997711182,0.11847183853387833,-0.6112805604934692,-1.5816230773925781,0.02884824573993683,-0.7706436514854431,-1.8591138124465942,-0.011462326161563396,-0.8742583990097046,-0.8778141140937805,0.3472372889518738,-0.32995256781578064,-1.3366378545761108,0.20823734998703003,-0.5075026750564575,-1.6920610666275024,0.11511235684156418,-0.6313592791557312,-2.015019416809082,0.07650236785411835,-0.7154873013496399,-0.921217143535614,0.34721726179122925,-0.2689869701862335,-1.3360145092010498,0.2140759527683258,-0.4073849320411682,-1.6519569158554077,0.11718016117811203,-0.4837518334388733,-1.934189796447754,0.05817916616797447,-0.5297837257385254,-0.937936007976532,0.2914009392261505,-0.23758196830749512,-1.2811306715011597,0.21755169332027435,-0.3360113501548767,-1.546427845954895,0.14566358923912048,-0.37560874223709106,-1.7683533430099487,0.09242823719978333,-0.3971434235572815,0.0,0.0,0.0,0.06712472438812256,-0.5826970338821411,-0.12966518104076385,0.28889763355255127,-1.0152915716171265,-0.21959340572357178,0.530673623085022,-1.1828237771987915,-0.28558579087257385,0.7298283576965332,-1.187487006187439,-0.3380098044872284,0.914498507976532,-0.540772557258606,-0.17542730271816254,0.9517052173614502,-0.9562179446220398,-0.2373027205467224,0.7238465547561646,-1.007114291191101,-0.3029147982597351,0.515455961227417,-0.9003678560256958,-0.34147435426712036,0.9677190780639648,-0.21224617958068848,-0.1359093338251114,0.9574840068817139,-0.6376453042030334,-0.16665677726268768,0.7682265043258667,-0.6956587433815002,-0.20943531394004822,0.5700952410697937,-0.6119582653045654,-0.2460205852985382,0.9239633083343506,0.05147472023963928,-0.09476187080144882,0.9215883612632751,-0.325457900762558,-0.11939243972301483,0.7602669596672058,-0.38010337948799133,-0.12301801145076752,0.577345609664917,-0.3201947510242462,-0.13135428726673126,0.842304527759552,0.2533761262893677,-0.06210897117853165,0.8773515820503235,-0.05324368178844452,-0.1032443642616272,0.751072347164154,-0.09584803134202957,-0.08550330996513367,0.6113250255584717,-0.042473990470170975,-0.056074339896440506
0.0,0.0,0.0,-0.12114223837852478,-0.31487277150154114,-0.3176763653755188,-0.2922142744064331,-0.3491230309009552,-0.5045136213302612,-0.4731244146823883,-0.20321325957775116,-0.6351192593574524,-0.6692293882369995,-0.0873008668422699,-0.7582564353942871,-0.7793417572975159,0.2817189395427704,-0.4470367431640625,-1.2552568912506104,0.14991548657417297,-0.643921434879303,-1.5814241170883179,0.03942285478115082,-0.7889741063117981,-1.848357081413269,-0.0316178984940052,-0.8772903084754944,-0.8346494436264038,0.4148476719856262,-0.3623006045818329,-1.344231367111206,0.266976535320282,-0.5359112620353699,-1.7283879518508911,0.14185675978660583,-0.6464296579360962,-2.051872968673706,0.05510906130075455,-0.7203064560890198,-0.8717293739318848,0.44910621643066406,-0.29250428080558777,-1.3364591598510742,0.29848992824554443,-0.4188251495361328,-1.6809117794036865,0.1791258007287979,-0.49195316433906555,-1.9716328382492065,0.0837579071521759,-0.5389482975006104,-0.8825846910476685,0.41294267773628235,-0.24932391941547394,-1.2630419731140137,0.33380669355392456,-0.3360655903816223,-1.5445303916931152,0.24619649350643158,-0.37338122725486755,-1.767377495765686,0.17002291977405548,-0.3954225182533264,0.0,0.0,0.0,0.1131088137626648,-0.6298019289970398,-0.10259447991847992,0.41797491908073425,-1.0511651039123535,-0.1612575650215149,0.7768639922142029,-1.1525988578796387,-0.2050248235464096,1.017601490020752,-1.0112254619598389,-0.22345204651355743,0.9182579517364502,-0.5184268355369568,-0.06366782635450363,1.1138535737991333,-0.9555416703224182,-0.11541753262281418,0.9244579076766968,-1.0085513591766357,-0.1639428734779358,0.7556527256965637,-0.8598678708076477,-0.19205449521541595,0.9756516218185425,-0.21562793850898743,-0.04010683298110962,1.1171764135360718,-0.6608722805976868,-0.06291890144348145,0.960125207901001,-0.7361794710159302,-0.08813853561878204,0.8098635673522949,-0.6171345114707947,-0.10947335511445999,0.9674562215805054,0.022229546681046486,-0.02483716607093811,1.1258184909820557,-0.3892955183982849,-0.07084444165229797,0.9809946417808533,-0.48171061277389526,-0.06485910713672638,0.832397997379303,-0.39218515157699585,-0.056976787745952606,0.9292972683906555,0.20969519019126892,-0.015527145005762577,1.0890028476715088,-0.16197657585144043,-0.0678337886929512,0.9770041108131409,-0.23830372095108032,-0.04944426566362381,0.851022481918335,-0.1507544368505478,-0.01786934770643711
0.0,0.0,0.0,-0.056394629180431366,-0.3512530028820038,-0.35575178265571594,-0.2077619880437851,-0.4448845386505127,-0.5644500851631165,-0.40769141912460327,-0.3338461220264435,-0.7066454291343689,-0.6195051074028015,-0.2118426114320755,-0.8412880301475525,-0.7248908281326294,0.14481572806835175,-0.5445457696914673,-1.1930880546569824,-0.006270841229707003,-0.7675237059593201,-1.517412781715393,-0.12526486814022064,-0.9206994771957397,-1.7886619567871094,-0.2031816989183426,-1.0133522748947144,-0.8297587633132935,0.33685311675071716,-0.44500604271888733,-1.3409310579299927,0.1707175225019455,-0.6338745951652527,-1.7172901630401611,0.032322127372026443,-0.7449535727500916,-2.0280117988586426,-0.07537893205881119,-0.8205406069755554,-0.8992413878440857,0.40691012144088745,-0.35865288972854614,-1.3647664785385132,0.2568493187427521,-0.49485233426094055,-1.701852560043335,0.13738040626049042,-0.5690301656723022,-1.981225848197937,0.029558762907981873,-0.6188197135925293,-0.9314801096916199,0.3952034115791321,-0.30092960596084595,-1.3145560026168823,0.32170581817626953,-0.3954150378704071,-1.5910725593566895,0.2378418743610382,-0.4370175302028656,-1.8098095655441284,0.1637991964817047,-0.46291443705558777,0.0,0.0,0.0,0.08885958790779114,-0.6299963593482971,-0.1680905669927597,0.39446038007736206,-1.0276838541030884,-0.25089842081069946,0.7453479766845703,-1.1548408269882202,-0.30435845255851746,1.02472984790802,-1.107296347618103,-0.3286373019218445,0.9365784525871277,-0.4789755940437317,-0.11204835027456284,1.1128097772598267,-0.9353215098381042,-0.170048788189888,0.9235534071922302,-1.0077199935913086,-0.218734011054039,0.7435393929481506,-0.8748279809951782,-0.24495458602905273,0.9860488176345825,-0.1578160673379898,-0.05293235927820206,1.1310513019561768,-0.627413272857666,-0.08522334694862366,0.981009304523468,-0.7271323204040527,-0.11995809525251389,0.8285003304481506,-0.6218655705451965,-0.1476154774427414,0.9628337025642395,0.07713153958320618,-0.006578541826456785,1.1267144680023193,-0.3441944122314453,-0.057922713458538055,1.0002919435501099,-0.4619028866291046,-0.05860557407140732,0.863722026348114,-0.38464051485061646,-0.05472206324338913,0.9060953259468079,0.25182870030403137,0.028829993680119514,1.0778316259384155,-0.10081639885902405,-0.02292897179722786,0.99681156873703,-0.21473468840122223,-0.010640467517077923,0.8925156593322754,-0.16712015867233276,0.01577695645391941
0.0,0.0,0.0,-0.12536008656024933,-0.2917828857898712,-0.3235396444797516,-0.2755493223667145,-0.30693694949150085,-0.5216674208641052,-0.4495757222175598,-0.16141502559185028,-0.6627306938171387,-0.6634982824325562,-0.0622749924659729,-0.7943969964981079,-0.7390631437301636,0.3094964325428009,-0.47060105204582214,-1.2076215744018555,0.16400636732578278,-0.6800232529640198,-1.525769591331482,0.029399165883660316,-0.829597532749176,-1.7890136241912842,-0.06595274806022644,-0.9184568524360657,-0.8071258068084717,0.4495961666107178,-0.38263726234436035,-1.310194492340088,0.31619635224342346,-0.5677381753921509,-1.6858190298080444,0.17697212100028992,-0.6787260174751282,-1.9973689317703247,0.07030000537633896,-0.7505216002464294,-0.851693332195282,0.4827507436275482,-0.3097333610057831,-1.3140509128570557,0.3670603930950165,-0.4445081651210785,-1.660346508026123,0.24205262959003448,-0.5183651447296143,-1.9461108446121216,0.12700563669204712,-0.5637576580047607,-0.8732804656028748,0.43995174765586853,-0.26312607526779175,-1.253506064414978,0.39097195863723755,-0.353185772895813,-1.5393084287643433,0.314301460981369,-0.39307719469070435,-1.7652112245559692,0.2379988431930542,-0.41601109504699707,0.0,0.0,0.0,0.09371215850114822,-0.6317765712738037,-0.15803050994873047,0.39842817187309265,-1.029494047164917,-0.2381497025489807,0.7386029958724976,-1.1468747854232788,-0.29315319657325745,1.02560555934906,-1.1543686389923096,-0.3227766156196594,0.917210578918457,-0.49696677923202515,-0.12193819880485535,1.0742536783218384,-1.010365605354309,-0.19962014257907867,0.8867653608322144,-1.0468107461929321,-0.2673451602458954,0.7136985659599304,-0.878875195980072,-0.3037184774875641,0.9780969619750977,-0.19438476860523224,-0.0744374468922615,1.0987913608551025,-0.7024733424186707,-0.11743473261594772,0.9433857798576355,-0.7744519114494324,-0.1592686027288437,0.7945360541343689,-0.6523239612579346,-0.19272901117801666,0.9611561894416809,0.033058468252420425,-0.03920605406165123,1.1062958240509033,-0.43134549260139465,-0.09710882604122162,0.9722418785095215,-0.5244467258453369,-0.09693098813295364,0.8368239998817444,-0.4304042458534241,-0.09480477124452591,0.9089983105659485,0.20110151171684265,-0.014831148087978363,1.0668152570724487,-0.19428794085979462,-0.0755620226264,0.96994948387146,-0.28611063957214355,-0.06148695573210716,0.8518092632293701,-0.21587666869163513,-0.034014008939266205
0.0,0.0,0.0,-0.08411306142807007,-0.24729205667972565,-0.3609911799430847,-0.20426078140735626,-0.2656122148036957,-0.5863444209098816,-0.33561432361602783,-0.11187507957220078,-0.7487050294876099,-0.46147018671035767,0.00545481126755476,-0.9012675881385803,-0.680740237236023,0.39082732796669006,-0.49552199244499207,-1.1122615337371826,0.2535356879234314,-0.6966090798377991,-1.4052305221557617,0.13387438654899597,-0.8465842008590698,-1.6566561460494995,0.0620911531150341,-0.9433891177177429,-0.7707757949829102,0.4986257255077362,-0.3965816795825958,-1.2451850175857544,0.3627340495586395,-0.5766984820365906,-1.587719202041626,0.239876851439476,-0.6849093437194824,-1.8813194036483765,0.16102762520313263,-0.758714497089386,-0.8334702849388123,0.5138552188873291,-0.3151848018169403,-1.2639907598495483,0.37752312421798706,-0.4462149143218994,-1.5821213722229004,0.27899980545043945,-0.5075010061264038,-1.8571255207061768,0.19925417006015778,-0.5486901998519897,-0.8745524883270264,0.4596009850502014,-0.26451870799064636,-1.2248365879058838,0.37910157442092896,-0.34111255407333374,-1.4730056524276733,0.30838000774383545,-0.36529359221458435,-1.6752490997314453,0.2523111402988434,-0.3834441006183624,0.0,0.0,0.0,0.1415642350912094,-0.6245895028114319,-0.14189325273036957,0.47867757081985474,-1.048675298690796,-0.22763343155384064,0.8347411155700684,-1.1511306762695312,-0.2887565493583679,1.12553870677948,-1.1683412790298462,-0.32673749327659607,0.9778578877449036,-0.4806758165359497,-0.13449707627296448,1.1303508281707764,-0.8988556861877441,-0.23385833203792572,0.9768956899642944,-0.9613450169563293,-0.3195376396179199,0.8224660754203796,-0.8357450366020203,-0.3630809783935547,0.9826616048812866,-0.156296506524086,-0.09973733872175217,1.1245282888412476,-0.5648589134216309,-0.14383691549301147,1.0319877862930298,-0.6284488439559937,-0.18666169047355652,0.91518634557724,-0.5486456155776978,-0.22119465470314026,0.9277410507202148,0.10457388311624527,-0.07550900429487228,1.092549443244934,-0.26248735189437866,-0.12788976728916168,1.0188877582550049,-0.36023151874542236,-0.12669417262077332,0.9085995554924011,-0.33395296335220337,-0.1239791065454483,0.845816433429718,0.3232828974723816,-0.06010975316166878,0.9839079976081848,-0.029105953872203827,-0.11856058984994888,0.9265223145484924,-0.1403062790632248,-0.10480880737304688,0.8428746461868286,-0.1495915651321411,-0.07476132363080978
0.0,0.0,0.0,-0.10780038684606552,-0.34084248542785645,-0.4121956527233124,-0.27507996559143066,-0.4796806871891022,-0.6560208201408386,-0.44124332070350647,-0.43551596999168396,-0.8306659460067749,-0.5804538726806641,-0.3461742103099823,-0.9933924674987793,-0.73638516664505,0.22526352107524872,-0.5662640929222107,-1.2286009788513184,0.13211683928966522,-0.79637211561203,-1.55301034450531,0.0611455924808979,-0.9539560675621033,-1.8174234628677368,0.03277571499347687,-1.0469427108764648,-0.7937565445899963,0.4173997640609741,-0.44241151213645935,-1.3351314067840576,0.33202916383743286,-0.658218502998352,-1.7116345167160034,0.2576959729194641,-0.7824512124061584,-2.023923873901367,0.2110603004693985,-0.856253981590271,-0.8388047814369202,0.4693838059902191,-0.33745068311691284,-1.330291748046875,0.39335426688194275,-0.498146116733551,-1.6655423641204834,0.3267764151096344,-0.5763745903968811,-1.9474363327026367,0.26479634642601013,-0.6169155240058899,-0.87376469373703,0.44249749183654785,-0.2657107412815094,-1.269735336303711,0.39254558086395264,-0.36244136095046997,-1.5487066507339478,0.33098775148391724,-0.4012620151042938,-1.775137186050415,0.265253484249115,-0.42166823148727417,0.0,0.0,0.0,0.0,0.0,0.0,0.0,0.0,0.0,0.0,0.0,0.0,0.0,0.0,0.0,0.0,0.0,0.0,0.0,0.0,0.0,0.0,0.0,0.0,0.0,0.0,0.0,0.0,0.0,0.0,0.0,0.0,0.0,0.0,0.0,0.0,0.0,0.0,0.0,0.0,0.0,0.0,0.0,0.0,0.0,0.0,0.0,0.0,0.0,0.0,0.0,0.0,0.0,0.0,0.0,0.0,0.0,0.0,0.0,0.0,0.0,0.0,0.0
0.0,0.0,0.0,-0.19334474205970764,-0.28239816427230835,-0.25907230377197266,-0.41727519035339355,-0.24652500450611115,-0.3967400789260864,-0.6175984144210815,-0.1033182218670845,-0.4888583719730377,-0.836773693561554,-0.014906995929777622,-0.572991669178009,-0.8145269751548767,0.34698235988616943,-0.3558361828327179,-1.28608238697052,0.26086628437042236,-0.5200405120849609,-1.59855318069458,0.19011761248111725,-0.6395889520645142,-1.8580758571624756,0.15216219425201416,-0.7128480076789856,-0.8434239625930786,0.45532670617103577,-0.28515541553497314,-1.326823353767395,0.35425829887390137,-0.44620153307914734,-1.6843345165252686,0.24657650291919708,-0.5457414388656616,-1.9800550937652588,0.17489086091518402,-0.6066229939460754,-0.8716188073158264,0.4613059461116791,-0.22630621492862701,-1.306740641593933,0.3633536100387573,-0.35080212354660034,-1.6335654258728027,0.2607578933238983,-0.4177820682525635,-1.906256079673767,0.17900539934635162,-0.45417335629463196,-0.8928371071815491,0.40214377641677856,-0.1890181005001068,-1.253924012184143,0.3506203293800354,-0.27750638127326965,-1.5172475576400757,0.2859308421611786,-0.31502363085746765,-1.727340579032898,0.22236742079257965,-0.3326185643672943,0.0,0.0,0.0,0.13767829537391663,-0.6008418202400208,-0.1800885647535324,0.4589906334877014,-0.9310886859893799,-0.2909591794013977,0.8051318526268005,-1.0247575044631958,-0.3702119290828705,1.0982311964035034,-1.0235681533813477,-0.42301231622695923,0.9552149772644043,-0.38017311692237854,-0.20485517382621765,1.1862714290618896,-0.8507405519485474,-0.31230539083480835,1.0139853954315186,-0.9399387836456299,-0.3888564109802246,0.8229072690010071,-0.8156514167785645,-0.4238622486591339,0.9875238537788391,-0.05457749962806702,-0.14770890772342682,1.189121961593628,-0.5316756367683411,-0.21097908914089203,1.04842209815979,-0.6248192191123962,-0.2499915063381195,0.8893254399299622,-0.5334387421607971,-0.2799048125743866,0.9500095844268799,0.17656387388706207,-0.10090981423854828,1.1796976327896118,-0.2537529170513153,-0.16004684567451477,1.064326524734497,-0.3551803231239319,-0.14731158316135406,0.9206799864768982,-0.2979731261730194,-0.1382739394903183,0.8851977586746216,0.3207753896713257,-0.06584391742944717,1.0948442220687866,-0.030857715755701065,-0.11595392227172852,1.0337690114974976,-0.11399698257446289,-0.09548980742692947,0.9350691437721252,-0.07369953393936157,-0.06504493951797485
0.0,0.0,0.0,-0.1495121419429779,-0.2773672342300415,-0.30453112721443176,-0.3209023177623749,-0.26468443870544434,-0.4787622392177582,-0.4951024055480957,-0.12315218895673752,-0.6043201088905334,-0.7128974199295044,-0.03078286163508892,-0.7220245599746704,-0.7677512168884277,0.3572348356246948,-0.4062988758087158,-1.2468770742416382,0.21256200969219208,-0.6083971858024597,-1.5731507539749146,0.0946260541677475,-0.7578673362731934,-1.8445961475372314,0.018076924607157707,-0.8492323160171509,-0.8236232399940491,0.4615602493286133,-0.32955554127693176,-1.3400800228118896,0.3462136685848236,-0.5179381966590881,-1.7286784648895264,0.23868943750858307,-0.6413391828536987,-2.054555654525757,0.16753363609313965,-0.7210452556610107,-0.863573431968689,0.47700953483581543,-0.27119648456573486,-1.338880181312561,0.367200642824173,-0.4207247197628021,-1.6949807405471802,0.272065669298172,-0.5142504572868347,-1.9941860437393188,0.19673064351081848,-0.5691230297088623,-0.8787985444068909,0.42940613627433777,-0.23722533881664276,-1.2655837535858154,0.3692675232887268,-0.3456602394580841,-1.5688574314117432,0.30397090315818787,-0.40426087379455566,-1.8124672174453735,0.24434280395507812,-0.4395461082458496,0.0,0.0,0.0,0.08329318463802338,-0.6357475519180298,-0.1805664300918579,0.3882225453853607,-1.006399154663086,-0.2624315917491913,0.7373366951942444,-1.1080856323242188,-0.3107089102268219,1.0285388231277466,-1.1074451208114624,-0.32956475019454956,0.9099992513656616,-0.4573063254356384,-0.14616765081882477,1.0865082740783691,-1.008745789527893,-0.2117878943681717,0.890015184879303,-1.046786904335022,-0.2587531507015228,0.7120568752288818,-0.8714699149131775,-0.28134897351264954,0.9782818555831909,-0.19093818962574005,-0.08066761493682861,1.1207808256149292,-0.7441195845603943,-0.12844598293304443,0.9549401998519897,-0.8215786218643188,-0.16235575079917908,0.8002465963363647,-0.6955379843711853,-0.1879023313522339,0.972220778465271,-0.014735041186213493,-0.027076562866568565,1.1382819414138794,-0.5212929844856262,-0.09089161455631256,0.988307774066925,-0.610146701335907,-0.08740124851465225,0.8469769358634949,-0.509467601776123,-0.08154542744159698,0.9333397150039673,0.10048366338014603,0.014720187522470951,1.1015822887420654,-0.32021477818489075,-0.05617937445640564,0.9887704253196716,-0.40188920497894287,-0.048298485577106476,0.8712039589881897,-0.3182350993156433,-0.024044720456004143
0.0,0.0,0.0,0.03930879011750221,-0.4760264754295349,-0.3940611183643341,-0.07030288130044937,-0.8063984513282776,-0.6102123260498047,-0.2999316453933716,-0.8751777410507202,-0.7621831893920898,-0.5595201253890991,-0.8361819982528687,-0.9003021717071533,-0.755706250667572,-0.2500301003456116,-0.5279080271720886,-1.2745132446289062,-0.4705720543861389,-0.7636920213699341,-1.6228375434875488,-0.6031120419502258,-0.9267733693122864,-1.9276478290557861,-0.6903509497642517,-1.0264333486557007,-0.9058018922805786,-0.0344533808529377,-0.4222983121871948,-1.4652152061462402,-0.25181034207344055,-0.6346275210380554,-1.8746910095214844,-0.4118877053260803,-0.7811626195907593,-2.223271369934082,-0.5398156046867371,-0.8773390650749207,-0.9898846745491028,0.04620368778705597,-0.3347661793231964,-1.5042928457260132,-0.14290018379688263,-0.504406750202179,-1.8892468214035034,-0.2836713194847107,-0.6178499460220337,-2.2095913887023926,-0.40533602237701416,-0.6854754686355591,-1.0217887163162231,0.045813530683517456,-0.2777502238750458,-1.4343223571777344,-0.07453171908855438,-0.40923163294792175,-1.7390121221542358,-0.17665335536003113,-0.4786408543586731,-1.9856566190719604,-0.2769981920719147,-0.5156463384628296,0.0,0.0,0.0,0.10595540702342987,-0.6339158415794373,-0.09151143580675125,0.3924635052680969,-1.028525471687317,-0.141725093126297,0.7092372179031372,-1.166998028755188,-0.1827903687953949,0.9711971282958984,-1.3116910457611084,-0.20634101331233978,0.9116814136505127,-0.603035569190979,-0.04532720893621445,1.0806987285614014,-0.9782444834709167,-0.10227608680725098,0.9108373522758484,-1.0156536102294922,-0.16797801852226257,0.7487205862998962,-0.8917808532714844,-0.20765510201454163,0.9572124481201172,-0.2878652513027191,-0.029629310593008995,1.0739556550979614,-0.6819185614585876,-0.04469454661011696,0.931304931640625,-0.7419711947441101,-0.08145762979984283,0.784762978553772,-0.6410810351371765,-0.11841695755720139,0.9244201183319092,-0.023395830765366554,-0.023350397124886513,1.0474656820297241,-0.39033275842666626,-0.05812489986419678,0.9191380143165588,-0.4567783772945404,-0.054511453956365585,0.774000883102417,-0.3796290159225464,-0.056865669786930084,0.8645506501197815,0.19702115654945374,-0.022747499868273735,0.9835537672042847,-0.11565063893795013,-0.06269089132547379,0.8769425749778748,-0.16888156533241272,-0.03846598044037819,0.7581853270530701,-0.10021562874317169,-0.009024828672409058
0.0,0.0,0.0,0.12677231431007385,-0.48621851205825806,-0.4100501835346222,0.07765432447195053,-0.8454145193099976,-0.6476395726203918,-0.12856560945510864,-1.0025858879089355,-0.818842887878418,-0.3635689914226532,-0.96507728099823,-0.9746050834655762,-0.6562347412109375,-0.3658723831176758,-0.5932784676551819,-1.1639896631240845,-0.6612043976783752,-0.8416158556938171,-1.4891283512115479,-0.8520255088806152,-0.9988977313041687,-1.7761348485946655,-0.9957336187362671,-1.0931934118270874,-0.8619843125343323,-0.1498301774263382,-0.4842870235443115,-1.4043375253677368,-0.46775418519973755,-0.7003457546234131,-1.775816559791565,-0.7080592513084412,-0.8275899291038513,-2.084951400756836,-0.9153360724449158,-0.9113065600395203,-0.9784543514251709,-0.06356075406074524,-0.39353126287460327,-1.484537959098816,-0.3123977780342102,-0.5605892539024353,-1.8391687870025635,-0.5135375261306763,-0.6614692211151123,-2.1220974922180176,-0.7012723684310913,-0.7211176753044128,-1.0298881530761719,-0.05313334986567497,-0.3359544575214386,-1.4594299793243408,-0.18351435661315918,-0.46543100476264954,-1.7673203945159912,-0.3012463450431824,-0.53595370054245,-2.011308431625366,-0.42517906427383423,-0.5750951766967773,0.0,0.0,0.0,0.10897288471460342,-0.6820940375328064,-0.07548946142196655,0.39202362298965454,-1.0658671855926514,-0.10959868878126144,0.7502990365028381,-1.1910202503204346,-0.13452771306037903,1.0276975631713867,-1.247423529624939,-0.139547660946846,0.8736190795898438,-0.6699044108390808,0.010896493680775166,1.0761277675628662,-1.0138928890228271,0.020422663539648056,0.9082561135292053,-1.079838752746582,0.00496300496160984,0.7521386742591858,-0.9750179648399353,-0.010202840901911259,0.9304227232933044,-0.3646358847618103,0.0368005707859993,1.0717287063598633,-0.742446780204773,0.07968281209468842,0.9431540369987488,-0.8192025423049927,0.06418167799711227,0.8060358166694641,-0.7248464226722717,0.031082158908247948,0.9104413390159607,-0.1201605275273323,0.05710224062204361,1.0698238611221313,-0.47394323348999023,0.06775768101215363,0.9566596150398254,-0.5453718900680542,0.07311572879552841,0.8092151284217834,-0.4708334803581238,0.06154254451394081,0.8689724802970886,0.08464623242616653,0.07323405146598816,1.0227831602096558,-0.21273183822631836,0.06570590287446976,0.9386732578277588,-0.26800400018692017,0.09253787994384766,0.8251997232437134,-0.2062232494354248,0.11524155735969543
0.0,0.0,0.0,0.012540150433778763,-0.48695284128189087,-0.3724806606769562,-0.12227983772754669,-0.7753090262413025,-0.5788500308990479,-0.37597423791885376,-0.7823691368103027,-0.7215230464935303,-0.656002938747406,-0.7233942151069641,-0.8501778244972229,-0.7545285224914551,-0.16747914254665375,-0.5185381174087524,-1.2831536531448364,-0.38182342052459717,-0.7487307786941528,-1.6249616146087646,-0.5298291444778442,-0.9014233350753784,-1.9146162271499634,-0.6296716332435608,-0.9916889071464539,-0.9062246680259705,0.06552271544933319,-0.41768842935562134,-1.4663463830947876,-0.16122286021709442,-0.6204206347465515,-1.8694428205490112,-0.3457476496696472,-0.7491142153739929,-2.205796003341675,-0.49684610962867737,-0.8332694172859192,-0.9950195550918579,0.1440504491329193,-0.3339301645755768,-1.521503210067749,-0.05321715399622917,-0.4934178292751312,-1.899718999862671,-0.2215501368045807,-0.5885844230651855,-2.205023765563965,-0.37783369421958923,-0.6455162167549133,-1.0374990701675415,0.1322088986635208,-0.2789444923400879,-1.4629870653152466,0.004173438064754009,-0.39912769198417664,-1.7629131078720093,-0.12128929793834686,-0.45670247077941895,-1.994610071182251,-0.24937477707862854,-0.48656269907951355,0.0,0.0,0.0,0.1664852499961853,-0.6725385189056396,-0.0906067043542862,0.4716170132160187,-1.074264645576477,-0.15450285375118256,0.8370879888534546,-1.2061132192611694,-0.20976655185222626,1.1351368427276611,-1.2255367040634155,-0.2400275021791458,0.9416126012802124,-0.6285590529441833,-0.043893635272979736,1.2299286127090454,-0.8015619516372681,-0.08566652983427048,1.0845791101455688,-0.8998689651489258,-0.12384382635354996,0.9082400798797607,-0.8645926117897034,-0.14571093022823334,0.971888542175293,-0.23362033069133759,-0.02922738716006279,1.2125484943389893,-0.4946965277194977,-0.018194856122136116,1.0820902585983276,-0.5929909944534302,-0.023328805342316628,0.9322042465209961,-0.5363417863845825,-0.042703818529844284,0.9343876242637634,0.08234323561191559,-0.024880923330783844,1.1774755716323853,-0.17051318287849426,-0.030173128470778465,1.0676549673080444,-0.2570323050022125,-0.004119946155697107,0.9144172668457031,-0.21135152876377106,0.0021726933773607016,0.8722841143608093,0.3413558602333069,-0.026540081948041916,1.0970748662948608,0.11973866075277328,-0.027627427130937576,1.0262080430984497,0.04620107263326645,0.017824476584792137,0.9022851586341858,0.08445975184440613,0.055040568113327026
0.0,0.0,0.0,-0.010487033054232597,-0.461738258600235,-0.36648401618003845,-0.16807284951210022,-0.7004629373550415,-0.5741280317306519,-0.4210711717605591,-0.6873799562454224,-0.7152127027511597,-0.6875520944595337,-0.6032896637916565,-0.8437338471412659,-0.7494285702705383,-0.062156785279512405,-0.5441753268241882,-1.2738598585128784,-0.3023759722709656,-0.7650781273841858,-1.5992192029953003,-0.4645191431045532,-0.9070216417312622,-1.877236247062683,-0.5685596466064453,-0.9911535382270813,-0.8831062316894531,0.1591872274875641,-0.4413420259952545,-1.43795907497406,-0.08905679732561111,-0.6365013718605042,-1.8231406211853027,-0.2917807698249817,-0.7460812926292419,-2.143101930618286,-0.44802194833755493,-0.8165542483329773,-0.9633311033248901,0.2264484018087387,-0.35274538397789,-1.4799600839614868,0.024524513632059097,-0.5014839768409729,-1.8359490633010864,-0.15476980805397034,-0.574849545955658,-2.1217286586761475,-0.3156909644603729,-0.61796635389328,-1.0008432865142822,0.19980022311210632,-0.29291898012161255,-1.4224506616592407,0.09209201484918594,-0.4006699323654175,-1.7083909511566162,-0.015928300097584724,-0.44507649540901184,-1.9243807792663574,-0.12879952788352966,-0.4674600660800934,0.0,0.0,0.0,0.12785732746124268,-0.6587631702423096,-0.10193203389644623,0.4275088608264923,-1.0471792221069336,-0.160552516579628,0.7932795286178589,-1.1903910636901855,-0.20451919734477997,1.0865744352340698,-1.2087621688842773,-0.221112459897995,0.9060827493667603,-0.591185450553894,-0.058269474655389786,1.1635754108428955,-0.9008086323738098,-0.08254609256982803,0.9848571419715881,-0.9586330056190491,-0.10008019208908081,0.8087359070777893,-0.8558875322341919,-0.10988030582666397,0.9672024250030518,-0.25279510021209717,-0.024781648069620132,1.163667917251587,-0.6356273293495178,-0.017570076510310173,1.0207380056381226,-0.7165666222572327,-0.02108157053589821,0.8845927715301514,-0.6142842769622803,-0.03942643105983734,0.9531590938568115,0.006853131111711264,0.0013708471087738872,1.1528937816619873,-0.3522738218307495,-0.012630383484065533,1.0322749614715576,-0.42960572242736816,0.008051656186580658,0.8920950293540955,-0.34595787525177,0.011132623068988323,0.916186511516571,0.20429322123527527,0.021546632051467896,1.1090341806411743,-0.07896846532821655,0.0021005072630941868,1.0152496099472046,-0.1400264948606491,0.031830545514822006,0.8917990326881409,-0.06692132353782654,0.05959971994161606
0.0,0.0,0.0,-0.08079934865236282,-0.37833791971206665,-0.3373974859714508,-0.26699894666671753,-0.5057888627052307,-0.5321094989776611,-0.4770894944667816,-0.37150970101356506,-0.662107527256012,-0.7146981954574585,-0.23876631259918213,-0.7822888493537903,-0.7540887594223022,0.15292687714099884,-0.5178201794624329,-1.2659218311309814,0.03261613845825195,-0.73328697681427,-1.6035162210464478,-0.10537750273942947,-0.8748681545257568,-1.8773906230926514,-0.21952860057353973,-0.9538343548774719,-0.8353411555290222,0.3556422293186188,-0.41919416189193726,-1.389393925666809,0.2232414335012436,-0.6107560992240906,-1.7930575609207153,0.06769149750471115,-0.7215807437896729,-2.110835075378418,-0.06787188351154327,-0.7901697754859924,-0.890986442565918,0.4165377914905548,-0.33176741003990173,-1.3959031105041504,0.2899664640426636,-0.471682608127594,-1.7696229219436646,0.14849497377872467,-0.5508729815483093,-2.0690460205078125,0.00781042966991663,-0.5987085103988647,-0.9122716784477234,0.3935309648513794,-0.2695538103580475,-1.320726752281189,0.31732985377311707,-0.3656936585903168,-1.6186240911483765,0.2212637960910797,-0.40927553176879883,-1.8474409580230713,0.11778614670038223,-0.4329259693622589,0.0,0.0,0.0,0.061408717185258865,-0.6665050983428955,-0.1448139101266861,0.34286633133888245,-1.0903630256652832,-0.21551378071308136,0.697435200214386,-1.2528369426727295,-0.2588009238243103,0.9856953620910645,-1.279809832572937,-0.27201059460639954,0.8688157200813293,-0.5969442129135132,-0.131670743227005,1.0851014852523804,-1.0695722103118896,-0.1716870665550232,0.9025025963783264,-1.110505223274231,-0.18691344559192657,0.7260006070137024,-0.9692212343215942,-0.19101952016353607,0.9576351642608643,-0.2768380641937256,-0.07934457808732986,1.1182270050048828,-0.7921838164329529,-0.10390268266201019,0.9664698243141174,-0.8592039942741394,-0.11560993641614914,0.8233444690704346,-0.7401525974273682,-0.1308295577764511,0.972693920135498,-0.04310363531112671,-0.03429955616593361,1.1399873495101929,-0.5312014222145081,-0.07991683483123779,1.0053095817565918,-0.6022536754608154,-0.06516224145889282,0.8677449226379395,-0.504637598991394,-0.056754715740680695,0.9550721645355225,0.11572989076375961,0.0031450900714844465,1.120686650276184,-0.29114288091659546,-0.04989244416356087,1.0141756534576416,-0.35549014806747437,-0.030743176117539406,0.8960913419723511,-0.2745956480503082,-0.0027658294420689344
0.0,0.0,0.0,-0.030105633661150932,-0.36991801857948303,-0.3955361247062683,-0.1550670564174652,-0.5187775492668152,-0.6351500749588013,-0.3336556851863861,-0.4244871735572815,-0.8003615736961365,-0.545383870601654,-0.2980768084526062,-0.9543681144714355,-0.6998759508132935,0.1713247299194336,-0.589922308921814,-1.1461844444274902,0.0033324433024972677,-0.8135222792625427,-1.4425818920135498,-0.13830439746379852,-0.9666566848754883,-1.6899361610412598,-0.2430402785539627,-1.0585676431655884,-0.8127728700637817,0.34623879194259644,-0.46852853894233704,-1.315230369567871,0.17092376947402954,-0.6610016226768494,-1.6741318702697754,0.01699434034526348,-0.772375762462616,-1.9661307334899902,-0.102907195687294,-0.8482565879821777,-0.8868076801300049,0.38903236389160156,-0.36146819591522217,-1.3451378345489502,0.23325903713703156,-0.5005115866661072,-1.6731815338134766,0.10533609986305237,-0.5742068886756897,-1.9445111751556396,-0.013938000425696373,-0.6247953772544861,-0.9196539521217346,0.35188809037208557,-0.28450486063957214,-1.2977945804595947,0.27212953567504883,-0.37625303864479065,-1.5692678689956665,0.19490551948547363,-0.4174481928348541,-1.781843662261963,0.11879392713308334,-0.4449671804904938,0.0,0.0,0.0,0.11137573421001434,-0.6317879557609558,-0.1448093205690384,0.4156085252761841,-1.0134214162826538,-0.21708835661411285,0.7710641622543335,-1.1394356489181519,-0.26349857449531555,1.0594639778137207,-1.1408582925796509,-0.2838406562805176,0.9188583493232727,-0.5167120099067688,-0.11220455914735794,1.1027028560638428,-0.9461673498153687,-0.16072997450828552,0.9344860911369324,-1.000043272972107,-0.1916927993297577,0.7549886107444763,-0.8753112554550171,-0.2037421315908432,0.9740017652511597,-0.2178121656179428,-0.06227710098028183,1.122950553894043,-0.6648271679878235,-0.08952189236879349,0.9843782186508179,-0.7450611591339111,-0.11690214276313782,0.8282183408737183,-0.6503565311431885,-0.1403154581785202,0.9550703763961792,0.004242369439452887,-0.02145676128566265,1.1197766065597534,-0.4056962728500366,-0.07052358239889145,0.9967191219329834,-0.49869590997695923,-0.06963606923818588,0.8474042415618896,-0.4277125895023346,-0.06596320867538452,0.9087302088737488,0.17319586873054504,0.011865912936627865,1.0701273679733276,-0.18466372787952423,-0.03981798514723778,0.9839603900909424,-0.2733594477176666,-0.025025302544236183,0.8695539236068726,-0.22563280165195465,0.002260505221784115
0.0,0.0,0.0,0.10262386500835419,-0.49284374713897705,-0.4254268407821655,0.11181765049695969,-0.9587217569351196,-0.7003793716430664,0.17079594731330872,-1.3064351081848145,-0.9260116815567017,0.289368212223053,-1.5169436931610107,-1.1488089561462402,-0.6267780661582947,-0.6430944204330444,-0.5706493854522705,-1.139667272567749,-0.8345719575881958,-0.827889621257782,-1.5395045280456543,-0.889116108417511,-1.00981605052948,-1.8929170370101929,-0.9001246094703674,-1.1290377378463745,-0.8172603249549866,-0.31689387559890747,-0.48131468892097473,-1.328330397605896,-0.512549102306366,-0.7079825401306152,-1.7470829486846924,-0.6016432046890259,-0.8631028532981873,-2.1185195446014404,-0.6447771787643433,-0.9682369232177734,-0.9447991847991943,-0.07623277604579926,-0.4122519791126251,-1.3954720497131348,-0.2733597159385681,-0.5772035121917725,-1.746254801750183,-0.3785195052623749,-0.6734519004821777,-2.0652594566345215,-0.4449149966239929,-0.7284725308418274,-1.0065786838531494,0.10125622898340225,-0.3826901316642761,-1.3704456090927124,-0.06813984364271164,-0.4886888563632965,-1.6378642320632935,-0.1689167469739914,-0.5264012813568115,-1.8653327226638794,-0.25038257241249084,-0.5419413447380066,0.0,0.0,0.0,0.09833235293626785,-0.6331892609596252,-0.13388164341449738,0.46089404821395874,-0.9829280972480774,-0.18293417990207672,0.84198397397995,-1.0917441844940186,-0.20856694877147675,1.1455210447311401,-1.122304916381836,-0.2108178585767746,0.9328875541687012,-0.4975089132785797,-0.0495576411485672,1.0565930604934692,-0.8487184643745422,-0.08533384650945663,0.862872838973999,-0.9133336544036865,-0.13084211945533752,0.6958417892456055,-0.804085373878479,-0.15819306671619415,0.9840407371520996,-0.17791160941123962,-0.003364528762176633,1.0525106191635132,-0.5507182478904724,-0.007479887455701828,0.9045878052711487,-0.6333454251289368,-0.05085598677396774,0.7529426217079163,-0.5309783816337585,-0.09150520712137222,0.9592425227165222,0.0886504203081131,0.03231016546487808,1.0571531057357788,-0.2568213939666748,0.00015927506319712847,0.921596109867096,-0.36026281118392944,-0.014557535760104656,0.7703588008880615,-0.2896800935268402,-0.025638794526457787,0.9084414839744568,0.31423360109329224,0.06033877655863762,1.0360186100006104,0.024552498012781143,0.023923538625240326,0.9449240565299988,-0.07917141169309616,0.0364127941429615,0.836458146572113,-0.03898238763213158,0.05884747579693794
0.0,0.0,0.0,-0.13318957388401031,-0.6859487295150757,-0.05035225301980972,-0.4120180308818817,-1.1182730197906494,-0.0779692679643631,-0.7507449984550476,-1.2900606393814087,-0.09456690400838852,-0.99724280834198,-1.4456021785736084,-0.0898868665099144,-0.8621870875358582,-0.6654882431030273,-0.043309636414051056,-1.0647963285446167,-1.0190551280975342,-0.07160750031471252,-0.8508565425872803,-1.0312583446502686,-0.10450547188520432,-0.7040753960609436,-0.8933113813400269,-0.12477114796638489,-0.9523879289627075,-0.3033122420310974,-0.0309657771140337,-1.0909920930862427,-0.7138484716415405,-0.005723400041460991,-0.9242659211158752,-0.7621001601219177,-0.01701865904033184,-0.8213515281677246,-0.6221328973770142,-0.04586076736450195,-0.9588872790336609,-0.02919263392686844,-0.018226442858576775,-1.0798075199127197,-0.43711206316947937,0.010726423002779484,-0.9432265162467957,-0.4844060242176056,0.0396285243332386,-0.8373185396194458,-0.34882473945617676,0.037967246025800705,-0.9273301362991333,0.1814883053302765,-0.009076808579266071,-1.101175308227539,-0.09433242678642273,0.010512960143387318,-0.994621992111206,-0.13066613674163818,0.0627090260386467,-0.8803771138191223,-0.022359929978847504,0.10105175524950027,0.0,0.0,0.0,-0.04587257653474808,-0.23563814163208008,-0.4828924834728241,-0.05184202268719673,-0.29404890537261963,-0.7973478436470032,-0.0045644124038517475,-0.19806437194347382,-1.0480562448501587,0.12994703650474548,-0.11215270310640335,-1.2865514755249023,0.7026297450065613,0.1885436624288559,-0.6291817426681519,1.1468331813812256,0.2662000358104706,-0.9189717173576355,1.4863156080245972,0.24026024341583252,-1.1348092555999756,1.7897231578826904,0.1856337934732437,-1.2813996076583862,0.8215938210487366,0.22753940522670746,-0.5226944088935852,1.2721621990203857,0.2593502104282379,-0.8038527369499207,1.6479846239089966,0.1880849301815033,-0.998700737953186,1.982921838760376,0.07231366634368896,-1.130902886390686,0.8959319591522217,0.20878823101520538,-0.44758737087249756,1.3197479248046875,0.21898284554481506,-0.6758332252502441,1.640648603439331,0.16942256689071655,-0.8134626746177673,1.9228839874267578,0.08678427338600159,-0.8973020315170288,0.9387050867080688,0.14728540182113647,-0.4134606719017029,1.2729171514511108,0.15880127251148224,-0.5931447744369507,1.5312377214431763,0.12580473721027374,-0.69247967004776,1.7542736530303955,0.07035879790782928,-0.7510895729064941
0.0,0.0,0.0,-0.000567556475289166,-0.6704268455505371,-0.06736895442008972,-0.23880590498447418,-1.2135577201843262,-0.08283580094575882,-0.5279826521873474,-1.500735878944397,-0.08083390444517136,-0.7444101572036743,-1.4151668548583984,-0.07496678829193115,-0.8085988759994507,-0.8571398854255676,-0.0373869463801384,-0.7469392418861389,-1.2129303216934204,-0.04879605397582054,-0.5384314656257629,-1.1816672086715698,-0.10895514488220215,-0.462738960981369,-1.0459859371185303,-0.1636112779378891,-0.8544125556945801,-0.5193187594413757,-0.016945885494351387,-0.776548445224762,-0.8957023024559021,0.0010138500947505236,-0.5912799835205078,-0.9038206338882446,-0.051893118768930435,-0.49674248695373535,-0.7611224055290222,-0.11026250571012497,-0.8017598390579224,-0.24094612896442413,0.00825053732842207,-0.7639749646186829,-0.5853593349456787,0.025398457422852516,-0.6168602705001831,-0.6000168919563293,0.03339334949851036,-0.5237248539924622,-0.4875709116458893,0.019948069006204605,-0.7265008687973022,-0.013468729332089424,0.028735272586345673,-0.7348586916923523,-0.3376562297344208,0.04521704092621803,-0.6044653058052063,-0.35923948884010315,0.09166485071182251,-0.5031875371932983,-0.2808844745159149,0.12161888182163239,0.0,0.0,0.0,-0.12195725739002228,-0.5095548629760742,-0.03409373760223389,-0.38660928606987,-0.9235212802886963,-0.09817304462194443,-0.6671772599220276,-1.1012659072875977,-0.17327959835529327,-0.9019742608070374,-1.0988860130310059,-0.25431349873542786,-0.5514557957649231,-1.0922960042953491,-0.14607255160808563,-0.8974825143814087,-1.2577747106552124,-0.3059338927268982,-1.1484599113464355,-1.2232505083084106,-0.41792476177215576,-1.3507381677627563,-1.141228199005127,-0.47920235991477966,-0.5489987730979919,-0.8102172613143921,-0.2053006887435913,-0.859643816947937,-0.7959521412849426,-0.3680533170700073,-0.8312056660652161,-0.702044665813446,-0.430912584066391,-0.7360580563545227,-0.6465685963630676,-0.45739656686782837,-0.5358542799949646,-0.4727212190628052,-0.2687654197216034,-0.8067951798439026,-0.4426132142543793,-0.41628021001815796,-0.7580888271331787,-0.40170782804489136,-0.40928131341934204,-0.6727830171585083,-0.3761715888977051,-0.37902629375457764,-0.5047661066055298,-0.13717922568321228,-0.33323827385902405,-0.8128451704978943,-0.17142949998378754,-0.41932642459869385,-0.9612426161766052,-0.20540398359298706,-0.39801058173179626,-1.0696724653244019,-0.23502008616924286,-0.36598438024520874
0.0,0.0,0.0,-0.03511109948158264,-0.8041208982467651,-0.030172616243362427,-0.19510233402252197,-1.33161199092865,-0.028977569192647934,-0.3596627414226532,-1.4296605587005615,-0.02723931334912777,-0.37007635831832886,-1.1731414794921875,-0.024364499375224113,-0.8433024287223816,-0.9119095802307129,0.04129601642489433,-0.6801259517669678,-1.1718703508377075,0.010418852791190147,-0.48746371269226074,-1.1520553827285767,-0.08236823976039886,-0.40319937467575073,-1.0364495515823364,-0.16568781435489655,-0.8789677023887634,-0.47601887583732605,0.028666773810982704,-0.7469978928565979,-0.8172944784164429,0.021304085850715637,-0.5641636252403259,-0.8265733122825623,-0.061040885746479034,-0.4745471179485321,-0.6823811531066895,-0.14367099106311798,-0.803234338760376,-0.12431806325912476,0.01687513291835785,-0.7470417618751526,-0.4510897994041443,-0.008634987287223339,-0.5870676636695862,-0.49634408950805664,-0.04674600064754486,-0.5049309730529785,-0.3912484049797058,-0.08778365701436996,-0.683529794216156,0.14338696002960205,0.005189517978578806,-0.6474336981773376,-0.13652560114860535,-0.02685871347784996,-0.5151869654655457,-0.1616099774837494,-0.014667230658233166,-0.43802112340927124,-0.07254906743764877,-0.007985789328813553,0.0,0.0,0.0,0.0,0.0,0.0,0.0,0.0,0.0,0.0,0.0,0.0,0.0,0.0,0.0,0.0,0.0,0.0,0.0,0.0,0.0,0.0,0.0,0.0,0.0,0.0,0.0,0.0,0.0,0.0,0.0,0.0,0.0,0.0,0.0,0.0,0.0,0.0,0.0,0.0,0.0,0.0,0.0,0.0,0.0,0.0,0.0,0.0,0.0,0.0,0.0,0.0,0.0,0.0,0.0,0.0,0.0,0.0,0.0,0.0,0.0,0.0,0.0
0.0,0.0,0.0,-0.09857997298240662,-0.6657195091247559,-0.06273407489061356,-0.37176474928855896,-1.1014028787612915,-0.09943880140781403,-0.6917829513549805,-1.2231863737106323,-0.12363706529140472,-0.893727719783783,-1.1113579273223877,-0.1417565792798996,-0.8831067085266113,-0.7056707739830017,-0.08140953630208969,-0.9250890016555786,-0.9873570799827576,-0.13057680428028107,-0.7224646210670471,-0.9553149938583374,-0.20092953741550446,-0.6119287014007568,-0.8345723748207092,-0.25753119587898254,-0.9473015666007996,-0.3102765381336212,-0.07967550307512283,-0.9716606140136719,-0.6627693772315979,-0.09078117460012436,-0.7962974309921265,-0.666151762008667,-0.1315307319164276,-0.6842797994613647,-0.520936131477356,-0.1787494719028473,-0.9201461672782898,0.017655229195952415,-0.07485033571720123,-0.9505770206451416,-0.3316417932510376,-0.07433249801397324,-0.8098282814025879,-0.3488335609436035,-0.05551919713616371,-0.7000698447227478,-0.23307040333747864,-0.06146973371505737,-0.8547270894050598,0.2962275743484497,-0.07524091750383377,-0.9206158518791199,-0.011429708451032639,-0.0732157826423645,-0.7966196537017822,-0.051826540380716324,-0.024961672723293304,-0.6904011368751526,0.030602501705288887,0.009610000997781754,0.0,0.0,0.0,0.004976888652890921,-0.21752618253231049,-0.41297122836112976,0.07405062019824982,-0.29268819093704224,-0.6855446696281433,0.10771571099758148,-0.22339467704296112,-0.9086102843284607,0.1336379051208496,-0.17554719746112823,-1.1265045404434204,0.7815330028533936,0.09299973398447037,-0.5428237915039062,1.271526575088501,0.11211084574460983,-0.8132093548774719,1.6644237041473389,0.12108238786458969,-1.013169288635254,1.998213529586792,0.1437055468559265,-1.143734335899353,0.8662346601486206,0.17414918541908264,-0.46830496191978455,1.3876529932022095,0.13290433585643768,-0.730762243270874,1.8063007593154907,0.14606879651546478,-0.9091809391975403,2.191497564315796,0.1754826307296753,-1.020644187927246,0.9211373925209045,0.21190579235553741,-0.4205741882324219,1.4029127359390259,0.16055309772491455,-0.6325712203979492,1.7536383867263794,0.14798001945018768,-0.7554187178611755,2.0776760578155518,0.1553938090801239,-0.8193596601486206,0.9436914324760437,0.21311688423156738,-0.4092395603656769,1.3159899711608887,0.1882041096687317,-0.5620213150978088,1.5926622152328491,0.17051254212856293,-0.6373767256736755,1.849165678024292,0.1857978105545044,-0.6754897236824036
0.0,0.0,0.0,-0.1625334769487381,-0.7095356583595276,-0.07146866619586945,-0.46531596779823303,-1.1494927406311035,-0.11204376071691513,-0.8641561269760132,-1.284952163696289,-0.13542114198207855,-1.1693716049194336,-1.3722901344299316,-0.13477745652198792,-0.8610132336616516,-0.6761898994445801,-0.08698263019323349,-1.1866726875305176,-0.9828326106071472,-0.14639723300933838,-0.9818435311317444,-1.034328818321228,-0.1827881634235382,-0.7961775064468384,-0.9383583068847656,-0.19215597212314606,-0.9587777853012085,-0.2768501937389374,-0.06402456760406494,-1.2165307998657227,-0.6611844897270203,-0.059164974838495255,-1.056427001953125,-0.7413322329521179,-0.06669340282678604,-0.9245324730873108,-0.6387224197387695,-0.08570113778114319,-0.9816904067993164,0.042218923568725586,-0.04239310324192047,-1.1823477745056152,-0.35426706075668335,-0.02004062384366989,-1.049798846244812,-0.4301794469356537,0.02177310362458229,-0.9169297814369202,-0.3364361524581909,0.03141133487224579,-0.9666816592216492,0.29675063490867615,-0.02626880258321762,-1.1296906471252441,-0.046412769705057144,-0.006016934290528297,-1.0134491920471191,-0.12714636325836182,0.05251669883728027,-0.8927392363548279,-0.06259068846702576,0.09767837077379227,0.0,0.0,0.0,0.0325126014649868,-0.24644486606121063,-0.4246322810649872,0.14384731650352478,-0.2848145365715027,-0.6755632162094116,0.3046513497829437,-0.13175518810749054,-0.8648934960365295,0.516874372959137,-0.04440208151936531,-1.036180019378662,0.7997180819511414,0.12440036237239838,-0.5093429088592529,1.2921127080917358,0.13503262400627136,-0.7680634260177612,1.6809537410736084,0.13353310525417328,-0.9595291018486023,2.0009989738464355,0.14436887204647064,-1.0825719833374023,0.8909662365913391,0.19050130248069763,-0.4121752679347992,1.3916521072387695,0.14608071744441986,-0.6582255959510803,1.7902849912643433,0.13948269188404083,-0.8256567716598511,2.160433292388916,0.140332892537117,-0.9314011931419373,0.9671047329902649,0.2075069099664688,-0.34512972831726074,1.4234704971313477,0.1582116037607193,-0.5455182194709778,1.7594040632247925,0.13881047070026398,-0.6458053588867188,2.0774879455566406,0.13753297924995422,-0.6978122591972351,1.0188677310943604,0.18572260439395905,-0.3173857033252716,1.387573003768921,0.1606520563364029,-0.46940693259239197,1.6526551246643066,0.1533086746931076,-0.5357488989830017,1.8970437049865723,0.16722099483013153,-0.566913366317749
0.0,0.0,0.0,-0.09793704003095627,-0.623897910118103,-0.03583832085132599,-0.3774995505809784,-1.0371381044387817,-0.052630383521318436,-0.7379164695739746,-1.160510540008545,-0.05640875920653343,-0.9827686548233032,-1.268176555633545,-0.046376653015613556,-0.8089165687561035,-0.8136329054832458,-0.05579439550638199,-1.028918743133545,-0.9079323410987854,-0.08262687921524048,-0.84653240442276,-0.91357421875,-0.11171028017997742,-0.6908949017524719,-0.862890362739563,-0.12596192955970764,-0.8979784250259399,-0.4373312294483185,-0.0487457700073719,-1.0584065914154053,-0.6048327684402466,-0.021095283329486847,-0.905007541179657,-0.6195461750030518,-0.0244736410677433,-0.7765956521034241,-0.5364988446235657,-0.04348243400454521,-0.9193782210350037,-0.10168997198343277,-0.03800155594944954,-1.028717279434204,-0.30529481172561646,-0.0019005361245945096,-0.9072441458702087,-0.3233315944671631,0.030704842880368233,-0.7863320112228394,-0.2495749294757843,0.032306212931871414,-0.9092061519622803,0.1882881075143814,-0.030079273506999016,-1.0199735164642334,-0.0038657081313431263,0.00016969243006315082,-0.898163914680481,-0.022440074011683464,0.05634555593132973,-0.7829407453536987,0.03127488121390343,0.0976882204413414,0.0,0.0,0.0,-0.05524107441306114,-0.31839853525161743,-0.4845709204673767,-0.01624084822833538,-0.4603925943374634,-0.7838805913925171,0.09085091948509216,-0.3637497127056122,-1.0102530717849731,0.2561672329902649,-0.23687347769737244,-1.2208046913146973,0.7376639246940613,-0.06430859118700027,-0.620204508304596,1.1832613945007324,0.0027960932347923517,-0.8960437178611755,1.5325652360916138,0.013766337186098099,-1.0952818393707275,1.8337883949279785,0.005229097791016102,-1.2250794172286987,0.8647806644439697,0.05428874120116234,-0.4992064833641052,1.330766201019287,0.08268103748559952,-0.7538622617721558,1.7106842994689941,0.05917414650321007,-0.9160292148590088,2.0534982681274414,0.023453356698155403,-1.024250864982605,0.9356163144111633,0.1005328968167305,-0.40971213579177856,1.363548994064331,0.10291469842195511,-0.6165493130683899,1.6815208196640015,0.07235550880432129,-0.723562479019165,1.9694198369979858,0.04553038999438286,-0.7856327891349792,0.9646812677383423,0.08541429042816162,-0.3619704246520996,1.3080273866653442,0.08778522908687592,-0.5170809626579285,1.559283971786499,0.07312823832035065,-0.5896399021148682,1.7781070470809937,0.06779439747333527,-0.6295732855796814
0.0,0.0,0.0,-0.14117954671382904,-0.6836491823196411,-0.05005911737680435,-0.4515698254108429,-1.1043492555618286,-0.07742396742105484,-0.8458518981933594,-1.2410609722137451,-0.09123947471380234,-1.1452414989471436,-1.3381708860397339,-0.08440090715885162,-0.8435395956039429,-0.7305378913879395,-0.074771948158741,-1.1686105728149414,-0.937859296798706,-0.12195264548063278,-0.9678450226783752,-0.987240195274353,-0.15254484117031097,-0.7847630977630615,-0.909494161605835,-0.15858550369739532,-0.9374379515647888,-0.3431990444660187,-0.05851944535970688,-1.1819941997528076,-0.6383928060531616,-0.03614652529358864,-1.026011347770691,-0.7049239873886108,-0.034140028059482574,-0.8895871639251709,-0.6124886274337769,-0.05026763677597046,-0.9633303880691528,-0.01821148209273815,-0.04146799072623253,-1.1452438831329346,-0.3371051251888275,-0.004459017887711525,-1.0205799341201782,-0.3947763741016388,0.039063602685928345,-0.8864988684654236,-0.30714669823646545,0.046061642467975616,-0.955341637134552,0.24726493656635284,-0.028864089399576187,-1.123050332069397,-0.03376614674925804,0.001156555605120957,-1.0057766437530518,-0.09205146878957748,0.06229986250400543,-0.8758084177970886,-0.026932548731565475,0.10673554986715317,0.0,0.0,0.0,0.3481537103652954,0.08531347662210464,-0.06941606104373932,0.8578050136566162,0.026407521218061447,-0.08677476644515991,1.226073145866394,-0.038097139447927475,-0.11031273007392883,1.5242708921432495,-0.0677160918712616,-0.13102436065673828,0.9867507815361023,-0.06463057547807693,-0.0582447312772274,1.4542845487594604,-0.07438824325799942,-0.20432667434215546,1.8261291980743408,-0.07893893867731094,-0.3196241855621338,2.139669418334961,-0.09884347021579742,-0.3974219262599945,0.9902445673942566,-0.08755957335233688,-0.10839315503835678,1.4668428897857666,-0.1047639548778534,-0.24287524819374084,1.848172903060913,-0.1030520349740982,-0.34393489360809326,2.214474678039551,-0.10887331515550613,-0.4119745194911957,0.9700360298156738,-0.09964728355407715,-0.17433273792266846,1.4339526891708374,-0.11613306403160095,-0.2915153205394745,1.770668625831604,-0.08937577903270721,-0.34266796708106995,2.0756900310516357,-0.07944004982709885,-0.36940014362335205,0.9329627156257629,-0.0914120227098465,-0.2532571256160736,1.3070648908615112,-0.11591684818267822,-0.33483535051345825,1.5692030191421509,-0.09629848599433899,-0.35720470547676086,1.797512412071228,-0.06782801449298859,-0.3696933090686798
0.0,0.0,0.0,-0.034881677478551865,-0.6699981689453125,-0.033316805958747864,-0.3153263032436371,-1.0741010904312134,-0.028576847165822983,-0.6507365107536316,-1.2112278938293457,-0.015855589881539345,-0.893441915512085,-1.3335630893707275,0.008135611191391945,-0.8155462741851807,-0.801224410533905,0.009553822688758373,-0.8999224305152893,-1.0236564874649048,0.01809731125831604,-0.7068766951560974,-1.007737159729004,-0.003259143093600869,-0.5898085236549377,-0.908957839012146,-0.024641752243041992,-0.8990558981895447,-0.4373764395713806,0.020009461790323257,-0.9335103034973145,-0.7247940301895142,0.06947212666273117,-0.7718735337257385,-0.746135413646698,0.05661039799451828,-0.666253924369812,-0.6337325572967529,0.02561635710299015,-0.8917366862297058,-0.12953276932239532,0.03200230747461319,-0.9227616190910339,-0.4274330735206604,0.06752350926399231,-0.7941378951072693,-0.45975178480148315,0.07954705506563187,-0.6899570822715759,-0.3512093722820282,0.06807280331850052,-0.8495676517486572,0.12632089853286743,0.04190066084265709,-0.9344332814216614,-0.11341702193021774,0.061465103179216385,-0.8332309722900391,-0.13626721501350403,0.09888961911201477,-0.7355540990829468,-0.04748108237981796,0.1259268969297409,0.0,0.0,0.0,-0.0430121012032032,-0.28639236092567444,-0.5120646953582764,-0.022916657850146294,-0.4910212457180023,-0.8503363728523254,-0.05074417218565941,-0.5866509675979614,-1.1209098100662231,-0.09701643139123917,-0.6047266125679016,-1.3892486095428467,0.7291542887687683,-0.09440890699625015,-0.6553298830986023,1.1798664331436157,-0.04231169819831848,-0.9430174231529236,1.5241080522537231,0.024825289845466614,-1.1629053354263306,1.8273327350616455,0.09164350479841232,-1.310417652130127,0.8458905220031738,0.016849862411618233,-0.5330902934074402,1.3598897457122803,0.005402092356234789,-0.8110414147377014,1.7557977437973022,0.031820256263017654,-1.0027951002120972,2.1185760498046875,0.06297983229160309,-1.1273411512374878,0.9126725792884827,0.061831433326005936,-0.44261831045150757,1.3865573406219482,0.04037993773818016,-0.666943371295929,1.7381856441497803,0.043372608721256256,-0.8016486763954163,2.0625674724578857,0.06972842663526535,-0.8775988817214966,0.9528448581695557,0.04531542956829071,-0.3939647674560547,1.3039209842681885,0.028837639838457108,-0.5468682050704956,1.568698525428772,0.026650456711649895,-0.6243724226951599,1.8219562768936157,0.05942201241850853,-0.6719828844070435
0.0,0.0,0.0,-0.1340792030096054,-0.6896412968635559,-0.04223603755235672,-0.4356025755405426,-1.118831992149353,-0.06649839133024216,-0.8318642973899841,-1.251491665840149,-0.07559746503829956,-1.1211365461349487,-1.3552451133728027,-0.06576663255691528,-0.8297170400619507,-0.7718326449394226,-0.0752250924706459,-1.1416436433792114,-0.9458364844322205,-0.10576072335243225,-0.9493431448936462,-0.9931243658065796,-0.12352830916643143,-0.7760130763053894,-0.9301721453666687,-0.12328574806451797,-0.9261708855628967,-0.37251216173171997,-0.0586702786386013,-1.161096453666687,-0.6443403363227844,-0.022002456709742546,-1.01034677028656,-0.7116574645042419,-0.013365940190851688,-0.8801409602165222,-0.6330034136772156,-0.025623973459005356,-0.9476678967475891,-0.032209206372499466,-0.03776692599058151,-1.1289342641830444,-0.33388301730155945,0.012000244110822678,-1.0093272924423218,-0.3970327377319336,0.05652494728565216,-0.8789140582084656,-0.3230437636375427,0.06272375583648682,-0.9338617920875549,0.2449776977300644,-0.019625859335064888,-1.090145468711853,-0.02651432901620865,0.0205831341445446,-0.9747970700263977,-0.08898953348398209,0.08432629704475403,-0.8492299318313599,-0.03584219887852669,0.13024337589740753,0.0,0.0,0.0,0.029462477192282677,-0.29697996377944946,-0.43441545963287354,0.12858450412750244,-0.4232763648033142,-0.6912966370582581,0.2683817744255066,-0.3495894968509674,-0.888633131980896,0.4522970914840698,-0.2578725516796112,-1.0659416913986206,0.8235766291618347,0.074217788875103,-0.47938448190689087,1.2984694242477417,0.05378098413348198,-0.720403254032135,1.6457257270812988,0.04744591936469078,-0.9064679741859436,1.9472084045410156,0.05763978138566017,-1.0316963195800781,0.9089953303337097,0.1693296879529953,-0.3808607757091522,1.39584481716156,0.0907508134841919,-0.6150544881820679,1.777435302734375,0.04829343035817146,-0.7815896272659302,2.122483015060425,0.01590883731842041,-0.8892104029655457,0.9635640978813171,0.1853039711713791,-0.31719326972961426,1.4043183326721191,0.09844958782196045,-0.5149919986724854,1.7312312126159668,0.05806189775466919,-0.6284849643707275,2.0328471660614014,0.027592388913035393,-0.689803957939148,0.9949535131454468,0.14617037773132324,-0.2932214140892029,1.339895248413086,0.08955071121454239,-0.45080050826072693,1.5968114137649536,0.05718575417995453,-0.5303661823272705,1.8320114612579346,0.03860922157764435,-0.5710005164146423
